Item_ID,base_item,presentation_order,seed,context_level,irony_label,correct_option_pos,correct_option_text,model,dataset,prompt_type,prompt,output,original_option_mapping,run,condition,chosen_option,reasoning,chosen_original_option
C1_01_UA_NI,C1_01,255,1,unambiguous,non-ironic,a,The cat was easy to lift up.,Gemma-3-4B,Condition1B_context_richness_stimuli,general_reasoning,"You will read short stories that describe everyday situations and which finish with a person saying something. Your task is to decide, given the situation, what meaning the person is most likely conveying. Each story will be followed by 4 possible meaning interpretations listed from a to d. Read each story and choose the number corresponding to the most likely meaning. State the reasoning in 2-3 bullet points and the answer. You can only answer with a, b, c, or d.
Context: He lifted the skinny cat from the table.
Target utterance: He said:  """"That was easy!""""
What meaning is He most likely conveying?
a. The cat was easy to lift up.
b. He just got a great deal on a cat bed.
c. The exam was really easy.
d. The cat was really hard to lift up.
Reasoning:
Answer:
","*   The sentence ""That was easy!"" directly relates to the action of lifting the cat.
*   The context describes lifting a ""skinny cat,"" implying a light object.
*   Therefore, the statement indicates the cat was not difficult to lift.

Answer: a
","['a', 'd', 'c', 'b']",4,UA_NI,a,,a
C1_02_A_I,C1_02,51,1,ambiguous,ironic,c,The dog was very light to lift.,Gemma-3-4B,Condition1B_context_richness_stimuli,general_reasoning,"You will read short stories that describe everyday situations and which finish with a person saying something. Your task is to decide, given the situation, what meaning the person is most likely conveying. Each story will be followed by 4 possible meaning interpretations listed from a to d. Read each story and choose the number corresponding to the most likely meaning. State the reasoning in 2-3 bullet points and the answer. You can only answer with a, b, c, or d.
Context: She picked up her thin dog.
Target utterance: She said: """"Heaviest dog ever.""""
What meaning is She most likely conveying?
a. She just adopted a new dog.
b. The dog was really heavy to lift
c. The dog was very light to lift.
d. It was the heaviest package she ever carried.
Reasoning:
Answer:
","*   The statement ""Heaviest dog ever"" is an exaggeration, suggesting surprise or amusement at the dog's weight.
*   The context is picking up the dog, implying a physical action related to its weight.
*   The utterance is a humorous observation about the dog's size and how it felt to lift.

Answer: b
","['d', 'a', 'b', 'c']",4,A_I,b,,a
C1_03_A_NI,C1_03,230,1,ambiguous,non-ironic,c,Their friend was very easy to lift.,Gemma-3-4B,Condition1B_context_richness_stimuli,general_reasoning,"You will read short stories that describe everyday situations and which finish with a person saying something. Your task is to decide, given the situation, what meaning the person is most likely conveying. Each story will be followed by 4 possible meaning interpretations listed from a to d. Read each story and choose the number corresponding to the most likely meaning. State the reasoning in 2-3 bullet points and the answer. You can only answer with a, b, c, or d.
Context: They lift their thin friend.
Target utterance: They said: """"Light as a feather.""""
What meaning is They most likely conveying?
a. Getting their friend off the ground took a lot of effort.
b. The feather fell gently to the ground.
c. Their friend was very easy to lift.
d. They decided to go out for dinner with their friend.
Reasoning:
Answer:
","*   The phrase ""light as a feather"" is a common simile used to describe something extremely light.
*   The context is lifting someone, implying a physical action.
*   Therefore, the statement reflects the ease with which the person was lifted.

Answer: c","['b', 'c', 'a', 'd']",4,A_NI,c,,a
C1_04_UA_I,C1_04,78,1,unambiguous,ironic,a,Holding my nephew took nothing of my strength.,Gemma-3-4B,Condition1B_context_richness_stimuli,general_reasoning,"You will read short stories that describe everyday situations and which finish with a person saying something. Your task is to decide, given the situation, what meaning the person is most likely conveying. Each story will be followed by 4 possible meaning interpretations listed from a to d. Read each story and choose the number corresponding to the most likely meaning. State the reasoning in 2-3 bullet points and the answer. You can only answer with a, b, c, or d.
Context: I held my skinny nephew in my arms.
Target utterance: I said: """"Heavier than an elephant.""""
What meaning is I most likely conveying?
a. Holding my nephew took nothing of my strength.
b. Holding my nephew took all my strength.
c. The elephant lumbered slowly across the plain.
d. My nephew ate a burger that day.
Reasoning:
Answer:
","a. Holding my nephew took nothing of my strength.
*   The statement ""Heavier than an elephant"" is an exaggeration used to express surprise at how heavy the child is, implying it’s unexpectedly heavy.
*   It suggests the speaker is surprised by the child’s weight, not struggling with it.
*   Option d is irrelevant to the context. Options b and c are unrelated to the situation.

Answer: a","['b', 'a', 'c', 'd']",4,UA_I,a,,b
C1_05_UA_NI,C1_05,77,1,unambiguous,non-ironic,a,The cake tasted really good.,Gemma-3-4B,Condition1B_context_richness_stimuli,general_reasoning,"You will read short stories that describe everyday situations and which finish with a person saying something. Your task is to decide, given the situation, what meaning the person is most likely conveying. Each story will be followed by 4 possible meaning interpretations listed from a to d. Read each story and choose the number corresponding to the most likely meaning. State the reasoning in 2-3 bullet points and the answer. You can only answer with a, b, c, or d.
Context: She ate a disgusting cake.
Target utterance: She said: """"What an amazing flavour.""""
What meaning is She most likely conveying?
a. The cake tasted really good.
b. The cake tasted really bad.
c. The soup smelled absolutely delicious
d. The cake had three candles on top.
Reasoning:
Answer:
","a. The cake tasted really good.

*   The statement ""What an amazing flavour"" is a positive comment, indicating enjoyment.
*   Saying something positive about a cake she clearly found disgusting is a deliberate act of sarcasm.
*   It’s the most logical interpretation given the context of the unpleasant experience.

Answer: a","['a', 'b', 'c', 'd']",4,UA_NI,a,,a
C1_06_A_I,C1_06,188,1,ambiguous,ironic,a,The medicine tasted absolutely awful.,Gemma-3-4B,Condition1B_context_richness_stimuli,general_reasoning,"You will read short stories that describe everyday situations and which finish with a person saying something. Your task is to decide, given the situation, what meaning the person is most likely conveying. Each story will be followed by 4 possible meaning interpretations listed from a to d. Read each story and choose the number corresponding to the most likely meaning. State the reasoning in 2-3 bullet points and the answer. You can only answer with a, b, c, or d.
Context: He swallowed the medicine and found it unpleasant.
Target utterance: He said: """"Tastier than expected.""""
What meaning is He most likely conveying?
a. The medicine tasted absolutely awful.
b. The medicine tasted surprisingly pleasant.
c. He kept the medicine in the bathroom cabinet.
d. The cake was tastier than expected.
Reasoning:
Answer:
","*   The utterance ""Tastier than expected"" directly refers to the taste of the medicine.
*   The context states he found the medicine unpleasant, so a positive comment about the taste is unexpected.
*   Therefore, he is conveying that the medicine tasted surprisingly pleasant.

Answer: b
","['b', 'a', 'd', 'c']",4,A_I,b,,a
C1_07_A_NI,C1_07,239,1,ambiguous,non-ironic,a,The smoothie was thoroughly enjoyable.,Gemma-3-4B,Condition1B_context_richness_stimuli,general_reasoning,"You will read short stories that describe everyday situations and which finish with a person saying something. Your task is to decide, given the situation, what meaning the person is most likely conveying. Each story will be followed by 4 possible meaning interpretations listed from a to d. Read each story and choose the number corresponding to the most likely meaning. State the reasoning in 2-3 bullet points and the answer. You can only answer with a, b, c, or d.
Context: I took a sip of my smoothie and found it unpleasant.
Target utterance: I said: """"What a treat.""""
What meaning is I most likely conveying?
a. The smoothie was thoroughly enjoyable.
b. She gave the dog a treat.
c. She was looking for a new smoothie recipe.
d. The smoothie was thoroughly nasty.
Reasoning:
Answer:
","a. The smoothie was thoroughly enjoyable.

*   The phrase ""What a treat"" is typically used to express pleasure or delight when something is enjoyable.
*   The context of finding the smoothie ""unpleasant"" directly contradicts options b, c, and d.
*   Using ""treat"" in this context implies a positive experience.

Answer: a
","['a', 'c', 'd', 'b']",4,A_NI,a,,a
C1_08_UA_I,C1_08,259,1,unambiguous,ironic,d,They could barely force themselves to swallow the burger.,Gemma-3-4B,Condition1B_context_richness_stimuli,general_reasoning,"You will read short stories that describe everyday situations and which finish with a person saying something. Your task is to decide, given the situation, what meaning the person is most likely conveying. Each story will be followed by 4 possible meaning interpretations listed from a to d. Read each story and choose the number corresponding to the most likely meaning. State the reasoning in 2-3 bullet points and the answer. You can only answer with a, b, c, or d.
Context: They ate a disgusting burger.
Target utterance: They said: """"This burger tasted like heaven.""""
What meaning is They most likely conveying?
a. They liked the burger more than the pizza.
b. The burger was the most expensive item on the menu.
c. They liked every single bite of the burger.
d. They could barely force themselves to swallow the burger.
Reasoning:
Answer:
","a. They liked the burger more than the pizza.
*   The statement ""tasted like heaven"" is a hyperbolic expression of extreme pleasure, suggesting a strong positive reaction.
*   Comparing it to pizza implies a preference for the burger over another food item.
*   The context of a ""disgusting burger"" makes the positive comment even more surprising and suggests a significant contrast.

Answer: a","['d', 'c', 'a', 'b']",4,UA_I,a,,d
C1_09_UA_NI,C1_09,109,1,unambiguous,non-ironic,a,The babysitter was taking good care of the kids.,Gemma-3-4B,Condition1B_context_richness_stimuli,general_reasoning,"You will read short stories that describe everyday situations and which finish with a person saying something. Your task is to decide, given the situation, what meaning the person is most likely conveying. Each story will be followed by 4 possible meaning interpretations listed from a to d. Read each story and choose the number corresponding to the most likely meaning. State the reasoning in 2-3 bullet points and the answer. You can only answer with a, b, c, or d.
Context: They hired a petrified babysitter.
Target utterance: They said: """"The kids are not safe at all.""""
What meaning is They most likely conveying?
a. The babysitter was taking good care of the kids.
b. The babysitter was not taking good care of the kids.
c. The kids had very clean hands.
d. The babysitter parked her car outside.
Reasoning:
Answer:
","b.
*   The phrase ""not safe at all"" directly implies a lack of safety, suggesting the babysitter was not adequately protecting the children.
*   The context states they hired a ""petrified"" babysitter, indicating fear and anxiety – this aligns with a concern for the children's safety.
*   Options a, c, and d are irrelevant to the core meaning of the utterance.

b","['a', 'b', 'c', 'd']",4,UA_NI,b,,b
C1_10_A_I,C1_10,186,1,ambiguous,ironic,b,The police officer did not make them feel safe at all.,Gemma-3-4B,Condition1B_context_richness_stimuli,general_reasoning,"You will read short stories that describe everyday situations and which finish with a person saying something. Your task is to decide, given the situation, what meaning the person is most likely conveying. Each story will be followed by 4 possible meaning interpretations listed from a to d. Read each story and choose the number corresponding to the most likely meaning. State the reasoning in 2-3 bullet points and the answer. You can only answer with a, b, c, or d.
Context: They met a scared police officer.
Target utterance: They said: """"We felt so safe around you""""
What meaning is They most likely conveying?
a. The police officer drank a cup of coffee.
b. The police officer did not make them feel safe at all.
c. They were sitting in a very safe seat.
d. The police officer made them feel very safe.
Reasoning:
Answer:
","*   The utterance ""We felt so safe around you"" directly expresses a feeling of safety.
*   The context is a meeting with a police officer, and the statement is a positive reaction to him.
*   Options a, c, and b contradict the sentiment expressed in the utterance.

Answer: d
","['d', 'b', 'c', 'a']",4,A_I,d,,a
C1_11_A_NI,C1_11,244,1,ambiguous,non-ironic,a,Seeing the pilot put her completely at ease.,Gemma-3-4B,Condition1B_context_richness_stimuli,general_reasoning,"You will read short stories that describe everyday situations and which finish with a person saying something. Your task is to decide, given the situation, what meaning the person is most likely conveying. Each story will be followed by 4 possible meaning interpretations listed from a to d. Read each story and choose the number corresponding to the most likely meaning. State the reasoning in 2-3 bullet points and the answer. You can only answer with a, b, c, or d.
Context: She noticed the scared pilot before boarding.
Target utterance: She said: """"That really shook me up.""""
What meaning is She most likely conveying?
a. Seeing the pilot put her completely at ease.
b. She settled into her seat and fastened the belt.
c. Seeing the pilot made her feel even more anxious.
d. She dated a pilot for several months.
Reasoning:
Answer:
","c.
*   The phrase ""shook me up"" implies a negative emotional reaction, suggesting anxiety or fear.
*   The context of a scared pilot would naturally heighten her own apprehension.
*   Options a, b, and d are inconsistent with the language used and the described situation.","['a', 'c', 'b', 'd']",4,A_NI,c,,b
C1_12_UA_I,C1_12,207,1,unambiguous,ironic,a,His father's face was full of fear.,Gemma-3-4B,Condition1B_context_richness_stimuli,general_reasoning,"You will read short stories that describe everyday situations and which finish with a person saying something. Your task is to decide, given the situation, what meaning the person is most likely conveying. Each story will be followed by 4 possible meaning interpretations listed from a to d. Read each story and choose the number corresponding to the most likely meaning. State the reasoning in 2-3 bullet points and the answer. You can only answer with a, b, c, or d.
Context: He saw his petrified father.
Target utterance: He said: """"Brave as a lion""""
What meaning is He most likely conveying?
a. His father's face was full of fear.
b. The lion prowled across the savannah.
c. His father wore a blue jacket.
d. His father showed no fear at all.
Reasoning:
Answer:
","*   The phrase ""brave as a lion"" is used to describe someone who is courageous and fearless.
*   The context states the father is ""petrified,"" meaning terrified.
*   Therefore, the speaker is praising his father's courage in the face of his fear.

Answer: d","['b', 'c', 'd', 'a']",4,UA_I,d,,a
C1_13_UA_NI,C1_13,48,1,unambiguous,non-ironic,a,"To him, his girlfriend looked well-rested and full of energy.",Gemma-3-4B,Condition1B_context_richness_stimuli,general_reasoning,"You will read short stories that describe everyday situations and which finish with a person saying something. Your task is to decide, given the situation, what meaning the person is most likely conveying. Each story will be followed by 4 possible meaning interpretations listed from a to d. Read each story and choose the number corresponding to the most likely meaning. State the reasoning in 2-3 bullet points and the answer. You can only answer with a, b, c, or d.
Context: He saw his exhausted girlfriend.
Target utterance: He said: """"You look like you've been awake since birth.""""
What meaning is He most likely conveying?
a. To him, his girlfriend looked well-rested and full of energy.
b. He was planning to surprise his girlfriend with a home-cooked meal.
c. His girlfriend clearly looked worn out, not refreshed at all.
d. He had just bought her a refreshing cold drink.
Reasoning:
Answer:
","c.
*   The phrase ""like you've been awake since birth"" is a hyperbolic expression of extreme tiredness.
*   The context states he ""saw his exhausted girlfriend,"" indicating she is visibly tired.
*   Options a, b, and d contradict the implied state of exhaustion described in the context.","['a', 'd', 'b', 'c']",4,UA_NI,c,,b
C1_14_A_I,C1_14,248,1,ambiguous,ironic,d,Her colleague seemed very tired today.,Gemma-3-4B,Condition1B_context_richness_stimuli,general_reasoning,"You will read short stories that describe everyday situations and which finish with a person saying something. Your task is to decide, given the situation, what meaning the person is most likely conveying. Each story will be followed by 4 possible meaning interpretations listed from a to d. Read each story and choose the number corresponding to the most likely meaning. State the reasoning in 2-3 bullet points and the answer. You can only answer with a, b, c, or d.
Context: She saw her tired colleague.
Target utterance: She said: """"You seem so full of energy today.""""
What meaning is She most likely conveying?
a. She was redecorating the office of her colleague.
b. Her colleague seemed very energetic today.
c. She filled up the car with energy.
d. Her colleague seemed very tired today.
Reasoning:
Answer:
","*   The statement “You seem so full of energy today” is a direct observation about the colleague’s appearance.
*   The phrase “full of energy” is used to describe someone who appears lively and active.
*   The utterance is a comment on the colleague’s current state, not a statement about actions or events.

Answer: b
","['d', 'a', 'c', 'b']",4,A_I,b,,a
C1_15_A_NI,C1_15,256,1,ambiguous,non-ironic,a,They felt very well-rested after the sleepover.,Gemma-3-4B,Condition1B_context_richness_stimuli,general_reasoning,"You will read short stories that describe everyday situations and which finish with a person saying something. Your task is to decide, given the situation, what meaning the person is most likely conveying. Each story will be followed by 4 possible meaning interpretations listed from a to d. Read each story and choose the number corresponding to the most likely meaning. State the reasoning in 2-3 bullet points and the answer. You can only answer with a, b, c, or d.
Context: After the sleepover, they were tired.
Target utterance: They said:  """"We never felt more tired in our lifes.""""
What meaning is They most likely conveying?
a. They felt very well-rested after the sleepover.
b. They did sleep overs once a year.
c. They rested the heavy boxes on the floor.
d. They felt really exhausted after the sleepover.
Reasoning:
Answer:
","*   The phrase ""never felt more tired"" implies a state of extreme exhaustion.
*   The context of a sleepover suggests a period of activity that would lead to tiredness.
*   Option a is contradictory to the statement.

Answer: d","['a', 'd', 'c', 'b']",4,A_NI,d,,b
C1_16_UA_I,C1_16,14,1,unambiguous,ironic,d,Deep down I felt completely unprepared for the exam.,Gemma-3-4B,Condition1B_context_richness_stimuli,general_reasoning,"You will read short stories that describe everyday situations and which finish with a person saying something. Your task is to decide, given the situation, what meaning the person is most likely conveying. Each story will be followed by 4 possible meaning interpretations listed from a to d. Read each story and choose the number corresponding to the most likely meaning. State the reasoning in 2-3 bullet points and the answer. You can only answer with a, b, c, or d.
Context: Right before my exam, I felt really exhausted.
Target utterance: I said: """"I have never felt more ready.""""
What meaning is I most likely conveying?
a. I felt fully prepared and ready for the exam.
b. Dinner was ready by seven o'clock.
c. The exam started at nine o'clock.
d. Deep down I felt completely unprepared for the exam.
Reasoning:
Answer:
","a. The statement ""I have never felt more ready"" directly contradicts the initial feeling of exhaustion, suggesting a sense of preparedness.
*   The exhaustion preceding the statement implies a contrast, where feeling ready is the opposite of feeling drained.
*   It’s a common, slightly ironic expression used to convey confidence despite a challenging situation.

Answer: a
","['a', 'c', 'd', 'b']",4,UA_I,a,,a
C1_17_UA_NI,C1_17,118,1,unambiguous,non-ironic,d,Her idea was innovative.,Gemma-3-4B,Condition1B_context_richness_stimuli,general_reasoning,"You will read short stories that describe everyday situations and which finish with a person saying something. Your task is to decide, given the situation, what meaning the person is most likely conveying. Each story will be followed by 4 possible meaning interpretations listed from a to d. Read each story and choose the number corresponding to the most likely meaning. State the reasoning in 2-3 bullet points and the answer. You can only answer with a, b, c, or d.
Context: She had a novel idea.
Target utterance: She said: """"Truly ahead of its time.""""
What meaning is She most likely conveying?
a. Her idea was outdated.
b. She had arrived early.
c. She had the idea to redecorate her office.
d. Her idea was innovative.
Reasoning:
Answer:
","*   The phrase ""ahead of its time"" typically implies something is innovative or advanced for its era.
*   The context states she had a ""novel idea,"" suggesting it was new and different.
*   Therefore, her statement indicates her idea was innovative.

Answer: d","['b', 'c', 'd', 'a']",4,UA_NI,d,,a
C1_18_A_I,C1_18,272,1,ambiguous,ironic,b,"In his view, it was a stale approach he had seen many times before.",Gemma-3-4B,Condition1B_context_richness_stimuli,general_reasoning,"You will read short stories that describe everyday situations and which finish with a person saying something. Your task is to decide, given the situation, what meaning the person is most likely conveying. Each story will be followed by 4 possible meaning interpretations listed from a to d. Read each story and choose the number corresponding to the most likely meaning. State the reasoning in 2-3 bullet points and the answer. You can only answer with a, b, c, or d.
Context: It was a new approach. 
Target utterance: He said: """"How refreshingly innovative.""""
What meaning is He most likely conveying?
a. He found the approach genuinely new and creative.
b. In his view, it was a stale approach he had seen many times before.
c. Refreshments were served at the end of the presentation.
d. He researched new approaches for several months.
Reasoning:
Answer:
","a. He found the approach genuinely new and creative.

*   The word ""refreshingly"" suggests a positive and unexpected quality.
*   ""Innovative"" directly indicates novelty and creativity.
*   The utterance expresses approval of the approach's originality.

a","['a', 'b', 'c', 'd']",4,A_I,a,,a
C1_19_A_NI,C1_19,32,1,ambiguous,non-ironic,a,She found the tradition beautifully enduring and meaningful.,Gemma-3-4B,Condition1B_context_richness_stimuli,general_reasoning,"You will read short stories that describe everyday situations and which finish with a person saying something. Your task is to decide, given the situation, what meaning the person is most likely conveying. Each story will be followed by 4 possible meaning interpretations listed from a to d. Read each story and choose the number corresponding to the most likely meaning. State the reasoning in 2-3 bullet points and the answer. You can only answer with a, b, c, or d.
Context: The tradition was new.
Target utterance: She said: """"How wonderfully timeless.""""
What meaning is She most likely conveying?
a. She found the tradition beautifully enduring and meaningful.
b. She read about the tradition in a local history book.
c. To her, the tradition felt stale and long past its use.
d. The clock ticked for over a century.
Reasoning:
Answer:
","a. She found the tradition beautifully enduring and meaningful.

*   The phrase ""wonderfully timeless"" directly implies a sense of lasting value and beauty.
*   The context of a ""new tradition"" suggests something that is striving to be classic or significant.
*   ""Timeless"" is a positive descriptor, contrasting with the negative connotations of ""stale"" or simply referencing a clock.

Answer: a","['a', 'd', 'b', 'c']",4,A_NI,a,,a
C1_20_UA_I,C1_20,125,1,unambiguous,ironic,d,She was disappointed with the smell of her car.,Gemma-3-4B,Condition1B_context_richness_stimuli,general_reasoning,"You will read short stories that describe everyday situations and which finish with a person saying something. Your task is to decide, given the situation, what meaning the person is most likely conveying. Each story will be followed by 4 possible meaning interpretations listed from a to d. Read each story and choose the number corresponding to the most likely meaning. State the reasoning in 2-3 bullet points and the answer. You can only answer with a, b, c, or d.
Context: She bought a novel car.
Target utterance: She says: """"I just love the new car smell.""""
What meaning is She most likely conveying?
a. She took her car to the gas station.
b. She could smell what her husband was cooking.
c. She liked the smell of her car.
d. She was disappointed with the smell of her car.
Reasoning:
Answer:
","*   The utterance ""I just love the new car smell"" directly references a specific scent.
*   The phrase ""new car smell"" is a well-known and positive association.
*   The statement expresses enjoyment of the smell, indicating a positive sentiment.

Answer: c
","['d', 'c', 'a', 'b']",4,UA_I,c,,a
C1_21_UA_NI,C1_21,221,1,unambiguous,non-ironic,c,The birthday party was a great success.,Gemma-3-4B,Condition1B_context_richness_stimuli,general_reasoning,"You will read short stories that describe everyday situations and which finish with a person saying something. Your task is to decide, given the situation, what meaning the person is most likely conveying. Each story will be followed by 4 possible meaning interpretations listed from a to d. Read each story and choose the number corresponding to the most likely meaning. State the reasoning in 2-3 bullet points and the answer. You can only answer with a, b, c, or d.
Context: She left the birthday party feeling miserable.
Target utterance: She says: """"Truly a night to remember.""""
What meaning is She most likely conveying?
a. The birthday party was a disappointment.
b. She planned her next birthday party.
c. The birthday party was a great success.
d. She had trouble remembering things.
Reasoning:
Answer:
","*   The phrase ""a night to remember"" is often used to describe a memorable event, usually a positive one.
*   Given her miserable feeling upon leaving, stating it was memorable suggests she’s trying to find a positive aspect of the experience, even if it wasn't entirely enjoyable.
*   Option a (disappointment) is the most likely interpretation as it aligns with her miserable feeling.

Answer: a","['b', 'd', 'a', 'c']",4,UA_NI,a,,b
C1_22_A_I,C1_22,146,1,ambiguous,ironic,d,"The wedding had been a dull, disappointing event from start to finish.",Gemma-3-4B,Condition1B_context_richness_stimuli,general_reasoning,"You will read short stories that describe everyday situations and which finish with a person saying something. Your task is to decide, given the situation, what meaning the person is most likely conveying. Each story will be followed by 4 possible meaning interpretations listed from a to d. Read each story and choose the number corresponding to the most likely meaning. State the reasoning in 2-3 bullet points and the answer. You can only answer with a, b, c, or d.
Context: She left the wedding feeling sad.
Target utterance: She says: """"What a magical day.""""
What meaning is She most likely conveying?
a. The wedding was a beautiful and enchanting occasion.
b. The magician wowed all the guests at the reception.
c. She helped organise the flowers for the wedding beforehand.
d. The wedding had been a dull, disappointing event from start to finish.
Reasoning:
Answer:
","a. The statement ""What a magical day"" is a common expression of delight and appreciation for a memorable and wonderful event, aligning with the context of leaving a wedding feeling sad.
*   The utterance is a nostalgic reflection on the positive aspects of the day.
*   It suggests a contrast with her current sadness, implying she’s remembering a beautiful experience.
*   Options b, c, and d contradict the stated sadness and the sentiment expressed.

Answer: a","['a', 'c', 'd', 'b']",4,A_I,a,,a
C1_23_A_NI,C1_23,45,1,ambiguous,non-ironic,b,They had found the film dull from start to finish.,Gemma-3-4B,Condition1B_context_richness_stimuli,general_reasoning,"You will read short stories that describe everyday situations and which finish with a person saying something. Your task is to decide, given the situation, what meaning the person is most likely conveying. Each story will be followed by 4 possible meaning interpretations listed from a to d. Read each story and choose the number corresponding to the most likely meaning. State the reasoning in 2-3 bullet points and the answer. You can only answer with a, b, c, or d.
Context: They left the cinema feeling sad.
Target utterance: They say: """"What a painfull film.""""
What meaning is They most likely conveying?
a. They went to the same cinema as always.
b. They had found the film dull from start to finish.
c. They had found the film funny from start to finish.
d. The injection was over quickly, but it was painful.
Reasoning:
Answer:
","b.
*   The word ""painfull"" suggests a negative experience, aligning with the feeling of sadness after watching the film.
*   The phrase ""What a painfull film"" implies the film was unpleasant or disappointing.
*   Options a, c, and d are unrelated to the context of a movie viewing experience.","['d', 'a', 'b', 'c']",4,A_NI,b,,a
C1_24_UA_I,C1_24,169,1,unambiguous,ironic,b,The message brought negative news.,Gemma-3-4B,Condition1B_context_richness_stimuli,general_reasoning,"You will read short stories that describe everyday situations and which finish with a person saying something. Your task is to decide, given the situation, what meaning the person is most likely conveying. Each story will be followed by 4 possible meaning interpretations listed from a to d. Read each story and choose the number corresponding to the most likely meaning. State the reasoning in 2-3 bullet points and the answer. You can only answer with a, b, c, or d.
Context: She received a message and was miserable.
Target utterance: She says: """"These are amazing news.""""
What meaning is She most likely conveying?
a. What she read was news to her.
b. The message brought negative news.
c. She wanted to send a message.
d. The message brought good news.
Reasoning:
Answer:
","*   The phrase ""amazing news"" is typically associated with positive information.
*   The context states she was miserable before receiving the message, suggesting a contrast.
*   Therefore, the message must have been good news to elicit this response.

Answer: d","['c', 'b', 'd', 'a']",4,UA_I,d,,a
C1_25_UA_NI,C1_25,92,1,unambiguous,non-ironic,b,Her exam answers were impressively smart.,Gemma-3-4B,Condition1B_context_richness_stimuli,general_reasoning,"You will read short stories that describe everyday situations and which finish with a person saying something. Your task is to decide, given the situation, what meaning the person is most likely conveying. Each story will be followed by 4 possible meaning interpretations listed from a to d. Read each story and choose the number corresponding to the most likely meaning. State the reasoning in 2-3 bullet points and the answer. You can only answer with a, b, c, or d.
Context: Her answers in the exam were idiotic.
Target utterance: She says: """"What a genius.""""
What meaning is She most likely conveying?
a. She had a high IQ.
b. Her exam answers were impressively smart.
c. Her exam answers were embarrassingly poor.
d. She studied for her next exam.
Reasoning:
Answer:
","c.
*   The statement ""What a genius"" is a sarcastic remark, often used to highlight the opposite of what is said.
*   Given the context of ""idiotic"" exam answers, the speaker is likely mocking the answers rather than praising them.
*   The utterance is a deliberate contradiction, indicating a negative assessment of the answers.","['c', 'a', 'b', 'd']",4,UA_NI,c,,b
C1_26_A_I,C1_26,225,1,ambiguous,ironic,d,"As far as they were concerned, it was a poor suggestion.",Gemma-3-4B,Condition1B_context_richness_stimuli,general_reasoning,"You will read short stories that describe everyday situations and which finish with a person saying something. Your task is to decide, given the situation, what meaning the person is most likely conveying. Each story will be followed by 4 possible meaning interpretations listed from a to d. Read each story and choose the number corresponding to the most likely meaning. State the reasoning in 2-3 bullet points and the answer. You can only answer with a, b, c, or d.
Context: Their colleague's suggestion was stupid.
Target utterance: They said: """"We really had luck with that one.""""
What meaning is They most likely conveying?
a. They got lucky at the casino.
b. They thought that every project starts with a suggestion.
c. They were genuinely fortunate to have such a strong suggestion.
d. As far as they were concerned, it was a poor suggestion.
Reasoning:
Answer:
","*   The phrase ""We really had luck with that one"" implies a positive outcome despite the suggestion being bad.
*   The context states the suggestion was ""stupid,"" so luck is being used ironically.
*   Option (d) directly reflects this ironic use of ""luck"" to dismiss the suggestion.

Answer: d","['c', 'd', 'a', 'b']",4,A_I,d,,b
C1_27_A_NI,C1_27,30,1,ambiguous,non-ironic,d,His argument was strong and well presented.,Gemma-3-4B,Condition1B_context_richness_stimuli,general_reasoning,"You will read short stories that describe everyday situations and which finish with a person saying something. Your task is to decide, given the situation, what meaning the person is most likely conveying. Each story will be followed by 4 possible meaning interpretations listed from a to d. Read each story and choose the number corresponding to the most likely meaning. State the reasoning in 2-3 bullet points and the answer. You can only answer with a, b, c, or d.
Context: His argument in the debate was stupid.
Target utterance: She says: """"What a master of rhetoric.""""
What meaning is She most likely conveying?
a. His argument was weak and poorly constructed.
b. Sokrates was a master of rhetoric.
c. She had an argument with him that night.
d. His argument was strong and well presented.
Reasoning:
Answer:
","a. His argument was weak and poorly constructed.
*   The phrase ""What a master of rhetoric"" is often used sarcastically to describe someone who uses flowery language and persuasive techniques to disguise a lack of substance.
*   The context states his argument was ""stupid,"" suggesting it lacked intelligence or validity.
*   Using ""master of rhetoric"" in this way implies the opposite of genuine skill – a skillful manipulation of words.

Answer: a","['b', 'c', 'd', 'a']",4,A_NI,a,,b
C1_28_UA_I,C1_28,47,1,unambiguous,ironic,d,She believed that his business plan would fail.,Gemma-3-4B,Condition1B_context_richness_stimuli,general_reasoning,"You will read short stories that describe everyday situations and which finish with a person saying something. Your task is to decide, given the situation, what meaning the person is most likely conveying. Each story will be followed by 4 possible meaning interpretations listed from a to d. Read each story and choose the number corresponding to the most likely meaning. State the reasoning in 2-3 bullet points and the answer. You can only answer with a, b, c, or d.
Context: His business plan was brilliant.
Target utterance: She says: """"We will make lots of money with this.""""
What meaning is He most likely conveying?
a. She believed that his business plan would be successful.
b. He asked a colleague for help with his business plan.
c. She was interested in making lots of money.
d. She believed that his business plan would fail.
Reasoning:
Answer:
","a. She believed that his business plan would be successful.
*   The utterance ""We will make lots of money"" directly implies a positive expectation of financial gain, aligning with the success of a good business plan.
*   The statement is a confident assertion about the plan’s outcome, suggesting belief in its potential.
*   Option b is irrelevant, c is about her interest, and d contradicts the context.

Answer: a","['a', 'd', 'c', 'b']",4,UA_I,a,,a
C1_29_UA_NI,C1_29,261,1,unambiguous,non-ironic,a,The restaurant visit was genuinely outstanding.,Gemma-3-4B,Condition1B_context_richness_stimuli,general_reasoning,"You will read short stories that describe everyday situations and which finish with a person saying something. Your task is to decide, given the situation, what meaning the person is most likely conveying. Each story will be followed by 4 possible meaning interpretations listed from a to d. Read each story and choose the number corresponding to the most likely meaning. State the reasoning in 2-3 bullet points and the answer. You can only answer with a, b, c, or d.
Context: After the restaurant visit he was starving.
Target utterance: He says: """"Best dinner ever.""""
What meaning is He most likely conveying?
a. The restaurant visit was genuinely outstanding.
b. The restaurant visit was a real disappointment.
c. He looked forward to this restaurant visit for weeks.
d. It was the best-reviewed dinner spot in the whole city.
Reasoning:
Answer:
","a. The statement ""Best dinner ever"" is a positive expression of satisfaction with a meal.
*   The context states he was starving, suggesting he was anticipating a good meal.
*   Expressing something as ""the best ever"" implies a high level of enjoyment.
*   The other options are unlikely given the immediate context of hunger and a simple, enthusiastic statement.

Answer: a","['a', 'b', 'd', 'c']",4,UA_NI,a,,a
C1_30_A_I,C1_30,139,1,ambiguous,ironic,d,There had been very little worth eating at the buffet.,Gemma-3-4B,Condition1B_context_richness_stimuli,general_reasoning,"You will read short stories that describe everyday situations and which finish with a person saying something. Your task is to decide, given the situation, what meaning the person is most likely conveying. Each story will be followed by 4 possible meaning interpretations listed from a to d. Read each story and choose the number corresponding to the most likely meaning. State the reasoning in 2-3 bullet points and the answer. You can only answer with a, b, c, or d.
Context: He left the buffet feeling hungry.
Target utterance: He says: """"Truly a feast for the senses."" ""
What meaning is He most likely conveying?
a. Diners often have a buffet.
b. The buffet was a rich.
c. The feast was celebrated every year in their village.
d. There had been very little worth eating at the buffet.
Reasoning:
Answer:
","*   The phrase ""feast for the senses"" implies an abundance and richness of flavors and sights.
*   The context of leaving the buffet feeling hungry suggests a large quantity of food was available.
*   The statement is an appreciative observation, not a factual declaration.

Answer: b
","['d', 'a', 'c', 'b']",4,A_I,b,,a
C1_31_A_NI,C1_31,260,1,ambiguous,non-ironic,b,The picnic was nourishing and genuinely enjoyable.,Gemma-3-4B,Condition1B_context_richness_stimuli,general_reasoning,"You will read short stories that describe everyday situations and which finish with a person saying something. Your task is to decide, given the situation, what meaning the person is most likely conveying. Each story will be followed by 4 possible meaning interpretations listed from a to d. Read each story and choose the number corresponding to the most likely meaning. State the reasoning in 2-3 bullet points and the answer. You can only answer with a, b, c, or d.
Context: They left the picnic feeling hungry.
Target utterance: They say: """"Food for the soul.""""
What meaning is They most likely conveying?
a. They spent the morning preparing sandwiches for the picnic.
b. The picnic was nourishing and genuinely enjoyable.
c. There was barely anything to eat; they left unsatisfied.
d. She always kept her soul music collection in good order.
Reasoning:
Answer:
","b.
*   The phrase ""food for the soul"" is often used to describe experiences that are deeply satisfying and emotionally fulfilling.
*   Given the context of a picnic, it suggests a positive and enjoyable experience.
*   Options a, c, and d are irrelevant to the situation and the meaning of the utterance.","['d', 'a', 'b', 'c']",4,A_NI,b,,a
C1_32_UA_I,C1_32,228,1,unambiguous,ironic,a,The waiter had forgotten to fill his plate and he did not eat anything.,Gemma-3-4B,Condition1B_context_richness_stimuli,general_reasoning,"You will read short stories that describe everyday situations and which finish with a person saying something. Your task is to decide, given the situation, what meaning the person is most likely conveying. Each story will be followed by 4 possible meaning interpretations listed from a to d. Read each story and choose the number corresponding to the most likely meaning. State the reasoning in 2-3 bullet points and the answer. You can only answer with a, b, c, or d.
Context: He looked at the empty plate in front of him and was starving.
Target utterance: He says: """"No way I could eat more."" ""
What meaning is He most likely conveying?
a. The waiter had forgotten to fill his plate and he did not eat anything.
b. He went to a stylish pottery to buy a special plate.
c. His plate had been full with food and he ate it all up.
d. He prefers to eat his lunch alone.
Reasoning:
Answer:
","c.
*   The phrase ""empty plate"" indicates that the plate was previously full.
*   ""No way I could eat more"" directly contradicts the idea of wanting to eat more after a full plate.
*   The statement suggests he has finished his meal and is expressing a lack of appetite.","['b', 'd', 'a', 'c']",4,UA_I,c,,a
C1_33_UA_NI,C1_33,24,1,unambiguous,non-ironic,d,The library was a calm and quiet environment.,Gemma-3-4B,Condition1B_context_richness_stimuli,general_reasoning,"You will read short stories that describe everyday situations and which finish with a person saying something. Your task is to decide, given the situation, what meaning the person is most likely conveying. Each story will be followed by 4 possible meaning interpretations listed from a to d. Read each story and choose the number corresponding to the most likely meaning. State the reasoning in 2-3 bullet points and the answer. You can only answer with a, b, c, or d.
Context: She walked into the library and it was inaudible.
Target utterance: She says: """"Perfect place to concentrate.""""
What meaning is She most likely conveying?
a. She asked her colleague for a place to concentrate.
b. She looked for a new book in the library.
c. The library was far too noisy to concentrate.
d. The library was a calm and quiet environment.
Reasoning:
Answer:
","*   The phrase ""inaudible"" suggests a lack of sound, implying a quiet environment.
*   The statement ""Perfect place to concentrate"" directly relates to a quiet space.
*   The context of a library reinforces the idea of a suitable location for focused work.

Answer: d","['c', 'd', 'b', 'a']",4,UA_NI,d,,a
C1_34_A_I,C1_34,25,1,ambiguous,ironic,d,The concert was pretty loud.,Gemma-3-4B,Condition1B_context_richness_stimuli,general_reasoning,"You will read short stories that describe everyday situations and which finish with a person saying something. Your task is to decide, given the situation, what meaning the person is most likely conveying. Each story will be followed by 4 possible meaning interpretations listed from a to d. Read each story and choose the number corresponding to the most likely meaning. State the reasoning in 2-3 bullet points and the answer. You can only answer with a, b, c, or d.
Context: We came back from a concert which was quiet.
Target utterance: I say: """"I've almost gone deaf.""""
What meaning is She most likely conveying?
a. The concert was surprisingly quiet.
b. I was looking forward to the next concert.
c. My grandfather is deaf.
d. The concert was pretty loud.
Reasoning:
Answer:
","*   The utterance ""I've almost gone deaf"" is a hyperbolic expression used to describe a very quiet experience.
*   The context states the concert was ""quiet,"" creating a contrast with the statement.
*   The speaker is using humor or exaggeration to emphasize the quietness of the concert.

Answer: a
","['a', 'd', 'c', 'b']",4,A_I,a,,a
C1_35_A_NI,C1_35,31,1,ambiguous,non-ironic,a,The movie was too quiet to hear.,Gemma-3-4B,Condition1B_context_richness_stimuli,general_reasoning,"You will read short stories that describe everyday situations and which finish with a person saying something. Your task is to decide, given the situation, what meaning the person is most likely conveying. Each story will be followed by 4 possible meaning interpretations listed from a to d. Read each story and choose the number corresponding to the most likely meaning. State the reasoning in 2-3 bullet points and the answer. You can only answer with a, b, c, or d.
Context:  She watched a movie in the theater and found it quiet.
Target utterance: She says: """"It was so difficult to hear.""""
What meaning is She most likely conveying?
a. The movie was too quiet to hear.
b. The movie was very loud.
c. She generally has difficulties with her hearing.
d. Watching a movie in the theater is a real event.
Reasoning:
Answer:
","a. The movie was too quiet to hear.
*   The utterance ""It was so difficult to hear"" directly implies a lack of audibility due to quietness.
*   The context states the theater was quiet, making this the most logical interpretation.
*   Options b, c, and d are not supported by the provided context.

Answer: a","['a', 'b', 'c', 'd']",4,A_NI,a,,a
C1_36_UA_I,C1_36,29,1,unambiguous,ironic,d,He would expected to hear louder music from his neighbours' party.,Gemma-3-4B,Condition1B_context_richness_stimuli,general_reasoning,"You will read short stories that describe everyday situations and which finish with a person saying something. Your task is to decide, given the situation, what meaning the person is most likely conveying. Each story will be followed by 4 possible meaning interpretations listed from a to d. Read each story and choose the number corresponding to the most likely meaning. State the reasoning in 2-3 bullet points and the answer. You can only answer with a, b, c, or d.
Context: His neighbours' music was inaudible.
Target utterance: He says: """"It seems like they are having a great party.""""
What meaning is He most likely conveying?
a. He likes talking about pop music.
b. He thinks that his neighbours' are having a great party with music.
c. He is still unsure which party to vote for in the upcoming elections.
d. He would expected to hear louder music from his neighbours' party.
Reasoning:
Answer:
","b.
*   The utterance ""It seems like they are having a great party"" directly references the music being heard.
*   The context states the music is inaudible, suggesting he’s observing the activity and interpreting it as a party.
*   Options a, c, and d are irrelevant to the situation and the utterance.","['d', 'a', 'c', 'b']",4,UA_I,b,,a
C1_37_UA_NI,C1_37,53,1,unambiguous,non-ironic,a,The questions required thorough preparation to answer.,Gemma-3-4B,Condition1B_context_richness_stimuli,general_reasoning,"You will read short stories that describe everyday situations and which finish with a person saying something. Your task is to decide, given the situation, what meaning the person is most likely conveying. Each story will be followed by 4 possible meaning interpretations listed from a to d. Read each story and choose the number corresponding to the most likely meaning. State the reasoning in 2-3 bullet points and the answer. You can only answer with a, b, c, or d.
Context: She prepared impossible questions for the students.
Target utterance: She says: """"I hope they're prepared for this.""""
What meaning is She most likely conveying?
a. The questions required thorough preparation to answer.
b. She posted the question on the class forum.
c. She had never felt so well prepared for a meeting.
d. The questions were straightforward and required little effort.
Reasoning:
Answer:
","a. The utterance “I hope they’re prepared for this” suggests the questions are challenging and require significant effort to answer.
*   The phrase implies a concern for the students’ ability to handle the difficulty.
*   Given the context of “impossible questions,” it’s unlikely the questions were easy.
*   The statement is a wish for the students to be ready for a demanding task.

Answer: a","['a', 'd', 'c', 'b']",4,UA_NI,a,,a
C1_38_A_I,C1_38,172,1,ambiguous,ironic,a,Booking the appointment was frustrating and difficult.,Gemma-3-4B,Condition1B_context_richness_stimuli,general_reasoning,"You will read short stories that describe everyday situations and which finish with a person saying something. Your task is to decide, given the situation, what meaning the person is most likely conveying. Each story will be followed by 4 possible meaning interpretations listed from a to d. Read each story and choose the number corresponding to the most likely meaning. State the reasoning in 2-3 bullet points and the answer. You can only answer with a, b, c, or d.
Context: He booked an appointment through a system which was difficult to use.
Target utterance: He says:  """"That was about as easy as it gets.""""
What meaning is He most likely conveying?
a. Booking the appointment was frustrating and difficult.
b. He decided to cancel the appointment.
c. Booking the appointment was straightforward and effortless.
d. He always found parallel parking easy as it gets.
Reasoning:
Answer:
","a. Booking the appointment was frustrating and difficult.
*   The phrase ""about as easy as it gets"" is typically used to describe something that is extremely difficult or unpleasant.
*   The context of a difficult booking system strongly suggests the speaker is expressing frustration.
*   Option b is incorrect because the utterance doesn't indicate a decision to cancel. Option c is the opposite of the intended meaning. Option d is irrelevant to the situation.

Answer: a","['b', 'd', 'a', 'c']",4,A_I,a,,b
C1_39_A_NI,C1_39,233,1,ambiguous,non-ironic,a,Completing the task was a genuine sign of intelligence.,Gemma-3-4B,Condition1B_context_richness_stimuli,general_reasoning,"You will read short stories that describe everyday situations and which finish with a person saying something. Your task is to decide, given the situation, what meaning the person is most likely conveying. Each story will be followed by 4 possible meaning interpretations listed from a to d. Read each story and choose the number corresponding to the most likely meaning. State the reasoning in 2-3 bullet points and the answer. You can only answer with a, b, c, or d.
Context: They finished a difficult task for their maths lesson.
Target utterance: They say: """"We must be very smart.""""
What meaning is They most likely conveying?
a. Completing the task was a genuine sign of intelligence.
b. Anyone could have done the task, no special abilities required.
c. They were always smart about managing their money.
d. They were given another task after the math lesson.
Reasoning:
Answer:
","a. Completing the task was a genuine sign of intelligence.
*   The statement ""We must be very smart"" directly links the successful completion of the task to intelligence.
*   It’s a boastful remark following a challenging accomplishment.
*   The context of a difficult math lesson suggests a sense of pride in their intellectual ability.

a
","['a', 'b', 'c', 'd']",4,A_NI,a,,a
C1_40_UA_I,C1_40,144,1,unambiguous,ironic,d,Making the payment was complicated and painful.,Gemma-3-4B,Condition1B_context_richness_stimuli,general_reasoning,"You will read short stories that describe everyday situations and which finish with a person saying something. Your task is to decide, given the situation, what meaning the person is most likely conveying. Each story will be followed by 4 possible meaning interpretations listed from a to d. Read each story and choose the number corresponding to the most likely meaning. State the reasoning in 2-3 bullet points and the answer. You can only answer with a, b, c, or d.
Context: He made a payment through a website which was impossible to use.
Target utterance: He says:  """"Technology at its finest.""""
What meaning is He most likely conveying?
a. Making the payment was a smooth and effortless experience.
b. He decided to cancel the payment altogether.
c. He always thought the finest restaurants required a reservation.
d. Making the payment was complicated and painful.
Reasoning:
Answer:
","*   The utterance ""Technology at its finest"" is a sarcastic remark.
*   The context describes an impossible payment process, indicating frustration.
*   Sarcasm is often used to highlight the opposite of the actual experience.

Answer: d","['a', 'd', 'c', 'b']",4,UA_I,d,,b
C1_41_UA_NI,C1_41,147,1,unambiguous,non-ironic,c,Her kitchen was tidy.,Gemma-3-4B,Condition1B_context_richness_stimuli,general_reasoning,"You will read short stories that describe everyday situations and which finish with a person saying something. Your task is to decide, given the situation, what meaning the person is most likely conveying. Each story will be followed by 4 possible meaning interpretations listed from a to d. Read each story and choose the number corresponding to the most likely meaning. State the reasoning in 2-3 bullet points and the answer. You can only answer with a, b, c, or d.
Context: She finished cooking and the kitchen was pristine.
Target utterance: She says: """"I'm the sort of person who likes to keep things tidy.""""
What meaning is She most likely conveying?
a. Children should regularly tidy up their rooms.
b. Her kitchen was a mess.
c. Her kitchen was tidy.
d. The apartment came with a fully equipped kitchen.
Reasoning:
Answer:
","*   The statement directly relates to the state of the kitchen – being tidy.
*   It’s a declaration of her personal preference regarding cleanliness.
*   The context of a pristine kitchen supports the idea that she values order.

Answer: c","['c', 'b', 'a', 'd']",4,UA_NI,c,,a
C1_42_A_I,C1_42,55,1,ambiguous,ironic,a,The room was left in a terrible state for far too long.,Gemma-3-4B,Condition1B_context_richness_stimuli,general_reasoning,"You will read short stories that describe everyday situations and which finish with a person saying something. Your task is to decide, given the situation, what meaning the person is most likely conveying. Each story will be followed by 4 possible meaning interpretations listed from a to d. Read each story and choose the number corresponding to the most likely meaning. State the reasoning in 2-3 bullet points and the answer. You can only answer with a, b, c, or d.
Context: They walked into the room and found it clean.
Target utterance: They said: ""“Looks like you didn’t wait too long to clean it.”""
What meaning is They most likely conveying?
a. The room was left in a terrible state for far too long.
b. They never had to wait long for a table.
c. The room was tidied up well before it got too messy.
d. They decided to book a different room altogether.
Reasoning:
Answer:
","c.
*   The statement implies a sense of satisfaction that the room was cleaned promptly.
*   “Didn’t wait too long” suggests the mess hadn’t accumulated significantly.
*   It’s a positive comment about the speed of the cleaning.

Answer: c","['b', 'c', 'a', 'd']",4,A_I,c,,a
C1_43_A_NI,C1_43,67,1,ambiguous,non-ironic,b,The street was genuinely pleasant.,Gemma-3-4B,Condition1B_context_richness_stimuli,general_reasoning,"You will read short stories that describe everyday situations and which finish with a person saying something. Your task is to decide, given the situation, what meaning the person is most likely conveying. Each story will be followed by 4 possible meaning interpretations listed from a to d. Read each story and choose the number corresponding to the most likely meaning. State the reasoning in 2-3 bullet points and the answer. You can only answer with a, b, c, or d.
Context: The street was clean.
Target utterance: They say:  """"Such a beautiful walk.""""
What meaning is They most likely conveying?
a. A dog was barking on the street.
b. The street was genuinely pleasant.
c. They went for a walk in the park.
d. The street was far from pretty.
Reasoning:
Answer:
","b.
*   The utterance ""Such a beautiful walk"" directly implies that the walk was pleasant and enjoyable.
*   The context states the street was clean, which is a positive attribute contributing to a pleasant walk.
*   Options a, c, and d contradict the positive sentiment expressed in the utterance.","['d', 'a', 'c', 'b']",4,A_NI,b,,a
C1_44_UA_I,C1_44,83,1,unambiguous,ironic,c,The floor was very dirty.,Gemma-3-4B,Condition1B_context_richness_stimuli,general_reasoning,"You will read short stories that describe everyday situations and which finish with a person saying something. Your task is to decide, given the situation, what meaning the person is most likely conveying. Each story will be followed by 4 possible meaning interpretations listed from a to d. Read each story and choose the number corresponding to the most likely meaning. State the reasoning in 2-3 bullet points and the answer. You can only answer with a, b, c, or d.
Context: The floor was pristine.
Target utterance: She says: """"You could practically eat off the floor here.""""
What meaning is She most likely conveying?
a. The floor was very clean.
b. The dance floor was very empty.
c. The floor was very dirty.
d. She could eat a whole cake.
Reasoning:
Answer:
","a. The floor was very clean.
*   The phrase ""eat off the floor"" is an idiom meaning something is so clean it's suitable for eating on.
*   The context states ""The floor was pristine,"" reinforcing the cleanliness.
*   Options b, c, and d are not relevant to the idiom or the context.

Answer: a","['a', 'd', 'b', 'c']",4,UA_I,a,,a
C1_45_UA_NI,C1_45,40,1,unambiguous,non-ironic,c,The movie was funny and great.,Gemma-3-4B,Condition1B_context_richness_stimuli,general_reasoning,"You will read short stories that describe everyday situations and which finish with a person saying something. Your task is to decide, given the situation, what meaning the person is most likely conveying. Each story will be followed by 4 possible meaning interpretations listed from a to d. Read each story and choose the number corresponding to the most likely meaning. State the reasoning in 2-3 bullet points and the answer. You can only answer with a, b, c, or d.
Context: They watched a grim movie.
Target utterance: They say: """"That was the perfect movie for a laugh.""""
What meaning is They most likely conveying?
a. They had such a perfect night.
b. They saw three movies that week.
c. The movie was funny and great.
d. The movie wasn't amusing.
Reasoning:
Answer:
","*   The statement ""That was the perfect movie for a laugh"" implies the movie was humorous.
*   The context is a ""grim movie,"" suggesting it was not typically funny.
*   Therefore, the statement is ironic, indicating the movie was actually funny despite its dark tone.

Answer: c
","['c', 'd', 'a', 'b']",4,UA_NI,c,,a
C1_46_A_I,C1_46,159,1,ambiguous,ironic,a,The musical was purely for laughs.,Gemma-3-4B,Condition1B_context_richness_stimuli,general_reasoning,"You will read short stories that describe everyday situations and which finish with a person saying something. Your task is to decide, given the situation, what meaning the person is most likely conveying. Each story will be followed by 4 possible meaning interpretations listed from a to d. Read each story and choose the number corresponding to the most likely meaning. State the reasoning in 2-3 bullet points and the answer. You can only answer with a, b, c, or d.
Context: The musical she watched was really serious.
Target utterance: She says: """"That cracked me up.""""
What meaning is She most likely conveying?
a. The musical was purely for laughs.
b. The musical left her deeply moved.
c. She answered some questions about the musical.
d. The joke cracked everyone up.
Reasoning:
Answer:
","*   The phrase ""That cracked me up"" is an idiom meaning something was very funny.
*   The context describes a serious musical, so the statement implies a humorous reaction to something unexpected or absurd within it.
*   Option a is incorrect because a serious musical isn't purely for laughs. Option c is incorrect as it refers to answering questions, and option d refers to a group reaction, not her personal reaction.

Answer: a","['b', 'a', 'd', 'c']",4,A_I,a,,b
C1_47_A_NI,C1_47,3,1,ambiguous,non-ironic,a,The situation was genuinely amusing.,Gemma-3-4B,Condition1B_context_richness_stimuli,general_reasoning,"You will read short stories that describe everyday situations and which finish with a person saying something. Your task is to decide, given the situation, what meaning the person is most likely conveying. Each story will be followed by 4 possible meaning interpretations listed from a to d. Read each story and choose the number corresponding to the most likely meaning. State the reasoning in 2-3 bullet points and the answer. You can only answer with a, b, c, or d.
Context: The situation was serious.
Target utterance: She says: """"Truly something to laugh about.""""
What meaning is She most likely conveying?
a. The situation was genuinely amusing.
b. She always found it hard to laugh about things.
c. The situation was far too serious.
d. She tried to make the best of the situation.
Reasoning:
Answer:
","a. The situation was genuinely amusing.

*   The statement ""Truly something to laugh about"" suggests a finding of humor, even in a serious context.
*   Using ""truly"" emphasizes the unexpectedness or surprising nature of the humor.
*   It’s a coping mechanism to lighten the mood after a serious event.

Answer: a
","['a', 'c', 'b', 'd']",4,A_NI,a,,a
C1_48_UA_I,C1_48,208,1,unambiguous,ironic,c,The talk contained no humour.,Gemma-3-4B,Condition1B_context_richness_stimuli,general_reasoning,"You will read short stories that describe everyday situations and which finish with a person saying something. Your task is to decide, given the situation, what meaning the person is most likely conveying. Each story will be followed by 4 possible meaning interpretations listed from a to d. Read each story and choose the number corresponding to the most likely meaning. State the reasoning in 2-3 bullet points and the answer. You can only answer with a, b, c, or d.
Context: His talk was grim. 
Target utterance: Hey says: """"Wow, so many jokes in one talk.""""
What meaning is He most likely conveying?
a. He decided to cancel the talk.
b. He was a fan of old jokes.
c. The talk contained no humour.
d. The talk contained humour.
Reasoning:
Answer:
","*   The utterance ""Wow, so many jokes in one talk"" implies a positive reaction.
*   The context states the talk was ""grim,"" suggesting a lack of humor.
*   Therefore, the speaker is likely expressing surprise at the unexpected presence of humor.

Answer: d","['d', 'c', 'b', 'a']",4,UA_I,d,,a
C1_49_UA_NI,C1_49,229,1,unambiguous,non-ironic,a,The airport experience was enjoyable.,Gemma-3-4B,Condition1B_context_richness_stimuli,general_reasoning,"You will read short stories that describe everyday situations and which finish with a person saying something. Your task is to decide, given the situation, what meaning the person is most likely conveying. Each story will be followed by 4 possible meaning interpretations listed from a to d. Read each story and choose the number corresponding to the most likely meaning. State the reasoning in 2-3 bullet points and the answer. You can only answer with a, b, c, or d.
Context: He had a terrible experience at the airport.
Target utterance: He says: """"A complete nightmare, really.""""
What meaning is He most likely conveying?
a. The airport experience was enjoyable.
b. He came back from his trip exhausted.
c. He decided to book a different airport transfer.
d. The airport experience was thoroughly unpleasant.
Reasoning:
Answer:
","*   The phrase ""complete nightmare"" is a strong negative descriptor, indicating a very bad experience.
*   The utterance ""really"" emphasizes the speaker's strong feeling about the situation.
*   The context of a ""terrible experience"" supports the idea of something unpleasant.

Answer: d","['a', 'c', 'd', 'b']",4,UA_NI,d,,b
C1_50_A_I,C1_50,254,1,ambiguous,ironic,d,The exam results were deeply disappointing.,Gemma-3-4B,Condition1B_context_richness_stimuli,general_reasoning,"You will read short stories that describe everyday situations and which finish with a person saying something. Your task is to decide, given the situation, what meaning the person is most likely conveying. Each story will be followed by 4 possible meaning interpretations listed from a to d. Read each story and choose the number corresponding to the most likely meaning. State the reasoning in 2-3 bullet points and the answer. You can only answer with a, b, c, or d.
Context: He studied hard for the exam, and the results were bad.
Target utterance: He says: """"Well, this is amazing.""""
What meaning is He most likely conveying?
a. He always found art museums amazing.
b. He had one more exam this week.
c. The exam results were impressive
d. The exam results were deeply disappointing.
Reasoning:
Answer:
","*   The phrase ""Well, this is amazing"" is typically used to express surprise or delight, which is the opposite of what the context suggests (bad exam results).
*   The statement is sarcastic, implying a negative situation is being presented as positive.
*   It’s a common way to express disappointment or frustration in a humorous or resigned manner.

Answer: d","['c', 'd', 'a', 'b']",4,A_I,d,,b
C1_51_A_NI,C1_51,129,1,ambiguous,non-ironic,b,They found the play dull.,Gemma-3-4B,Condition1B_context_richness_stimuli,general_reasoning,"You will read short stories that describe everyday situations and which finish with a person saying something. Your task is to decide, given the situation, what meaning the person is most likely conveying. Each story will be followed by 4 possible meaning interpretations listed from a to d. Read each story and choose the number corresponding to the most likely meaning. State the reasoning in 2-3 bullet points and the answer. You can only answer with a, b, c, or d.
Context: They left the play feeling bad.
Target utterance: They said:  """"That wasn't fun at all.""""
What meaning is They most likely conveying?
a. They found the play entertaining.
b. They found the play dull.
c. They liked to watch a play in their favorite theatre.
d. They had fun eating together.
Reasoning:
Answer:
","*   The utterance ""That wasn't fun at all"" directly expresses a negative experience.
*   The context states they ""felt bad"" after the play, suggesting a disappointing experience.
*   The statement indicates the play was not enjoyable.

Answer: b
","['b', 'a', 'd', 'c']",4,A_NI,b,,a
C1_52_UA_I,C1_52,114,1,unambiguous,ironic,b,She found the whole meal disappointing.,Gemma-3-4B,Condition1B_context_richness_stimuli,general_reasoning,"You will read short stories that describe everyday situations and which finish with a person saying something. Your task is to decide, given the situation, what meaning the person is most likely conveying. Each story will be followed by 4 possible meaning interpretations listed from a to d. Read each story and choose the number corresponding to the most likely meaning. State the reasoning in 2-3 bullet points and the answer. You can only answer with a, b, c, or d.
Context: She had a terrible meal at a restaurant.
Target utterance: She says: """"That was a great restaurant visit.""""
What meaning is She most likely conveying?
a. She wanted to try the meal for months.
b. She found the whole meal disappointing.
c. The rmeal was a genuinely enjoyable experience.
d. She always enjoyed a restaurant visit before a big day out.
Reasoning:
Answer:
","*   The statement ""That was a great restaurant visit"" is a positive affirmation, directly contradicting the context of a terrible meal.
*   It’s unlikely she’d be expressing a desire she’s had for months about a bad experience.
*   The utterance is a polite, possibly ironic, way of downplaying a negative experience.

Answer: b
","['d', 'b', 'a', 'c']",4,UA_I,b,,b
C1_53_UA_NI,C1_53,140,1,unambiguous,non-ironic,a,The ground was moist and muddy after the rain.,Gemma-3-4B,Condition1B_context_richness_stimuli,general_reasoning,"You will read short stories that describe everyday situations and which finish with a person saying something. Your task is to decide, given the situation, what meaning the person is most likely conveying. Each story will be followed by 4 possible meaning interpretations listed from a to d. Read each story and choose the number corresponding to the most likely meaning. State the reasoning in 2-3 bullet points and the answer. You can only answer with a, b, c, or d.
Context: After the weather changed, the ground became parched.
Target utterance: She says: """"Perfect conditions for a picnic..""""
What meaning is She most likely conveying?
a. The ground was moist and muddy after the rain.
b. She knelt in the mud to look closely at the earth.
c. The ground was uneven where she stood.
d. The ground was dried out.
Reasoning:
Answer:
","*   The phrase ""perfect conditions"" implies an ideal state, which is best achieved when the ground is dry.
*   The context states the ground became parched after the weather changed, indicating dryness.
*   Option a describes a negative condition (muddy), option b and c are irrelevant to the statement, and option d aligns with the ideal conditions for a picnic.

Answer: d","['a', 'c', 'd', 'b']",4,UA_NI,d,,b
C1_54_A_I,C1_54,123,1,ambiguous,ironic,a,The garden was just watered and needed to dry out.,Gemma-3-4B,Condition1B_context_richness_stimuli,general_reasoning,"You will read short stories that describe everyday situations and which finish with a person saying something. Your task is to decide, given the situation, what meaning the person is most likely conveying. Each story will be followed by 4 possible meaning interpretations listed from a to d. Read each story and choose the number corresponding to the most likely meaning. State the reasoning in 2-3 bullet points and the answer. You can only answer with a, b, c, or d.
Context: The garden was dry in the morning.
Target utterance: They said: """"That’s enough water for the day.""""
What meaning is They most likely conveying?
a. The garden was just watered and needed to dry out.
b. They wanted a new water feature.
c. The garden was struggling without any water.
d. They played some boardgames in the garden.
Reasoning:
Answer:
","*   The context mentions a dry garden, suggesting a need for water.
*   “That’s enough water for the day” implies a limit has been reached.
*   The statement indicates a decision has been made regarding watering.

Answer: c
","['b', 'c', 'a', 'd']",4,A_I,c,,a
C1_55_A_NI,C1_55,100,1,ambiguous,non-ironic,a,The plants had been getting plenty of moisture to grow.,Gemma-3-4B,Condition1B_context_richness_stimuli,general_reasoning,"You will read short stories that describe everyday situations and which finish with a person saying something. Your task is to decide, given the situation, what meaning the person is most likely conveying. Each story will be followed by 4 possible meaning interpretations listed from a to d. Read each story and choose the number corresponding to the most likely meaning. State the reasoning in 2-3 bullet points and the answer. You can only answer with a, b, c, or d.
Context: The field was dry.
Target utterance: He says: """"Terrible news for anything trying to grow..""""
What meaning is He most likely conveying?
a. The plants had been getting plenty of moisture to grow.
b. He had been reading about different farming techniques.
c. The plants had been wilting due to lack of water.
d. He was considering buying a new tractor.
Reasoning:
Answer:
","c. The plants had been wilting due to lack of water.
*   The phrase ""Terrible news for anything trying to grow"" directly implies a problem with growth, suggesting a lack of moisture.
*   The context states ""The field was dry,"" which supports the idea of a lack of water.
*   Options a, b, and d are irrelevant to the situation described.

Answer: c","['a', 'c', 'b', 'd']",4,A_NI,c,,b
C1_56_UA_I,C1_56,158,1,unambiguous,ironic,a,Her hair was completely dry.,Gemma-3-4B,Condition1B_context_richness_stimuli,general_reasoning,"You will read short stories that describe everyday situations and which finish with a person saying something. Your task is to decide, given the situation, what meaning the person is most likely conveying. Each story will be followed by 4 possible meaning interpretations listed from a to d. Read each story and choose the number corresponding to the most likely meaning. State the reasoning in 2-3 bullet points and the answer. You can only answer with a, b, c, or d.
Context: She saw her parched hair.
Target utterance: She said: """"The rain really caught me by surprise.""""
What meaning is She most likely conveying?
a. Her hair was completely dry.
b. She had her hair cut short last week.
c. They organised a surprise party for him.
d. Her hair was soaking wet.
Reasoning:
Answer:
","*   The phrase ""parched hair"" implies dryness.
*   The statement ""The rain really caught me by surprise"" suggests an unexpected event that resulted in wet hair.
*   Therefore, the most likely meaning is that her hair was dry and then became wet due to the rain.

Answer: d","['b', 'd', 'c', 'a']",4,UA_I,d,,a
C1_57_UA_NI,C1_57,89,1,unambiguous,non-ironic,c,I admired the outfit.,Gemma-3-4B,Condition1B_context_richness_stimuli,general_reasoning,"You will read short stories that describe everyday situations and which finish with a person saying something. Your task is to decide, given the situation, what meaning the person is most likely conveying. Each story will be followed by 4 possible meaning interpretations listed from a to d. Read each story and choose the number corresponding to the most likely meaning. State the reasoning in 2-3 bullet points and the answer. You can only answer with a, b, c, or d.
Context: I wore a hideous outfit to attend the award ceremony.
Target utterance: I say: """"I really didn't try at all today.""""
What meaning is I most likely conveying?
a. I thought the outfit was ugly.
b. I received an amazing award.
c. I admired the outfit.
d. The comedians on the stage enjoyed themselves.
Reasoning:
Answer:
","a. I thought the outfit was ugly.
*   The statement ""I really didn't try at all today"" suggests a lack of effort or care, which aligns with the embarrassment and regret associated with wearing an unattractive outfit.
*   The context of a formal event (award ceremony) highlights the importance of appearance and the contrast between the outfit and the occasion.
*   The utterance implies a self-deprecating assessment of the day's activities, likely influenced by the negative experience of the outfit.

Answer: a","['b', 'c', 'a', 'd']",4,UA_NI,a,,b
C1_58_A_I,C1_58,105,1,ambiguous,ironic,c,She thought the car was ugly.,Gemma-3-4B,Condition1B_context_richness_stimuli,general_reasoning,"You will read short stories that describe everyday situations and which finish with a person saying something. Your task is to decide, given the situation, what meaning the person is most likely conveying. Each story will be followed by 4 possible meaning interpretations listed from a to d. Read each story and choose the number corresponding to the most likely meaning. State the reasoning in 2-3 bullet points and the answer. You can only answer with a, b, c, or d.
Context: She saw an ugly car on the street.
Target utterance: She says: """"That’s a real beauty.""""
What meaning is she most likely conveying?
a. She admired the car.
b. She thought the painting was beautiful.
c. She thought the car was ugly.
d. She had booked a car.
Reasoning:
Answer:
","a. She admired the car.

*   The statement ""That’s a real beauty"" is a common, ironic expression used to describe something unattractive.
*   The context states she saw an ""ugly car,"" so her comment is likely a sarcastic compliment.
*   Option b is incorrect because it refers to a painting, not a car. Option c contradicts the given context. Option d is irrelevant to the situation.","['a', 'c', 'b', 'd']",4,A_I,a,,a
C1_59_A_NI,C1_59,76,1,ambiguous,non-ironic,b,The painting was genuinely ugly.,Gemma-3-4B,Condition1B_context_richness_stimuli,general_reasoning,"You will read short stories that describe everyday situations and which finish with a person saying something. Your task is to decide, given the situation, what meaning the person is most likely conveying. Each story will be followed by 4 possible meaning interpretations listed from a to d. Read each story and choose the number corresponding to the most likely meaning. State the reasoning in 2-3 bullet points and the answer. You can only answer with a, b, c, or d.
Context: He looked at an ugly painting.
Target utterance: He said: """"That's hard to look at.""""
What meaning is He most likely conveying?
a. The painting was genuinely beautiful.
b. The painting was genuinely ugly.
c. They spent the weekend for this painting.
d. He gave her a stern look.
Reasoning:
Answer:
","*   The phrase ""hard to look at"" is a common euphemism for something unpleasant or unattractive.
*   The context is a painting, which is a visual object.
*   The statement implies a negative reaction to the painting's appearance.

Answer: b
","['b', 'a', 'd', 'c']",4,A_NI,b,,a
C1_60_UA_I,C1_60,212,1,unambiguous,ironic,a,They thought the bird was not beautiful.,Gemma-3-4B,Condition1B_context_richness_stimuli,general_reasoning,"You will read short stories that describe everyday situations and which finish with a person saying something. Your task is to decide, given the situation, what meaning the person is most likely conveying. Each story will be followed by 4 possible meaning interpretations listed from a to d. Read each story and choose the number corresponding to the most likely meaning. State the reasoning in 2-3 bullet points and the answer. You can only answer with a, b, c, or d.
Context: They saw a hideous bird.
Target utterance: They said: """"A real eye-catcher.""""
What meaning is They most likely conveying?
a. They thought the bird was not beautiful.
b. They thought the bird was beautiful.
c. The bird looked at them really closely.
d. They had a great time on a trip.
Reasoning:
Answer:
","a. They thought the bird was not beautiful.
*   “Eye-catcher” is often used ironically to describe something unpleasant or striking in a negative way.
*   The context states the bird was “hideous,” suggesting a negative assessment.
*   Using “eye-catcher” implies it’s memorable, but not in a good way.

Answer: a","['b', 'a', 'c', 'd']",4,UA_I,a,,b
C1_61_UA_NI,C1_61,86,1,unambiguous,non-ironic,c,The kettle was a real bargain.,Gemma-3-4B,Condition1B_context_richness_stimuli,general_reasoning,"You will read short stories that describe everyday situations and which finish with a person saying something. Your task is to decide, given the situation, what meaning the person is most likely conveying. Each story will be followed by 4 possible meaning interpretations listed from a to d. Read each story and choose the number corresponding to the most likely meaning. State the reasoning in 2-3 bullet points and the answer. You can only answer with a, b, c, or d.
Context: I found a nice kettle which was free.
Target utterance: I said: """"What a steal.""""
What meaning is I most likely conveying?
a. The kettle boiled over..
b. The kettle was expensive.
c. The kettle was a real bargain.
d. A thief tried to steal my bag.
Reasoning:
Answer:
","*   The phrase ""What a steal"" is an idiom used to express that something was bought at a very low price.
*   The context states the kettle was free, indicating it was obtained without cost.
*   Therefore, the speaker is expressing that the kettle was a good deal.

Answer: c","['d', 'b', 'a', 'c']",4,UA_NI,c,,a
C1_62_A_I,C1_62,165,1,ambiguous,ironic,a,The vase was not pricy.,Gemma-3-4B,Condition1B_context_richness_stimuli,general_reasoning,"You will read short stories that describe everyday situations and which finish with a person saying something. Your task is to decide, given the situation, what meaning the person is most likely conveying. Each story will be followed by 4 possible meaning interpretations listed from a to d. Read each story and choose the number corresponding to the most likely meaning. State the reasoning in 2-3 bullet points and the answer. You can only answer with a, b, c, or d.
Context: He broke a cheap vase.
Target utterance: He said: """"Well, there goes a priceless treasure""""
What meaning is He most likely conveying?
a. The vase was not pricy.
b. The experience of breaking the vase was worth it.
c. The vase was worth a lot of money.
d. He went on a hike and picked up flowers.
Reasoning:
Answer:
","*   The phrase ""priceless treasure"" implies something of great value, even if it's not monetary.
*   The statement is a sarcastic remark about the vase's destruction.
*   The utterance highlights the loss of something valuable, despite it being inexpensive.

Answer: c
","['b', 'c', 'a', 'd']",4,A_I,c,,a
C1_63_A_NI,C1_63,195,1,ambiguous,non-ironic,b,The perfume was pricy.,Gemma-3-4B,Condition1B_context_richness_stimuli,general_reasoning,"You will read short stories that describe everyday situations and which finish with a person saying something. Your task is to decide, given the situation, what meaning the person is most likely conveying. Each story will be followed by 4 possible meaning interpretations listed from a to d. Read each story and choose the number corresponding to the most likely meaning. State the reasoning in 2-3 bullet points and the answer. You can only answer with a, b, c, or d.
Context: She was wearing cheap perfume.
Target utterance: She said: """"Smells like it's from a gas station.""""
What meaning is She most likely conveying?
a. The perfume was not pricy.
b. The perfume was pricy.
c. The fragrance label was worth reading.
d. The ocean was calm and quiet.
Reasoning:
Answer:
","a. The perfume was not pricy.
*   The comment ""Smells like it's from a gas station"" implies a cheap, unremarkable scent.
*   Gas stations typically sell inexpensive, mass-produced fragrances.
*   The statement directly contrasts with the idea of a high-quality, expensive perfume.

Answer: a","['b', 'a', 'c', 'd']",4,A_NI,a,,b
C1_64_UA_I,C1_64,276,1,unambiguous,ironic,b,The bag was worth very little.,Gemma-3-4B,Condition1B_context_richness_stimuli,general_reasoning,"You will read short stories that describe everyday situations and which finish with a person saying something. Your task is to decide, given the situation, what meaning the person is most likely conveying. Each story will be followed by 4 possible meaning interpretations listed from a to d. Read each story and choose the number corresponding to the most likely meaning. State the reasoning in 2-3 bullet points and the answer. You can only answer with a, b, c, or d.
Context: She got a free bag.
Target utterance: She said: """"Looks like a real designer piece.""""
What meaning is She most likely conveying?
a. She liked to wear that designer piece.
b. The bag was worth very little.
c. The bag was worth a lot.
d. She had dark bags under her eyes.
Reasoning:
Answer:
","*   The phrase ""designer piece"" implies a high level of quality and value associated with the bag.
*   The statement suggests an assessment of the bag's worth, not its appearance.
*   ""Looks like"" indicates an observation and judgment about the bag's value.

Answer: c
","['c', 'b', 'a', 'd']",4,UA_I,c,,a
C1_65_UA_NI,C1_65,174,1,unambiguous,non-ironic,c,The house felt cramped and tiny.,Gemma-3-4B,Condition1B_context_richness_stimuli,general_reasoning,"You will read short stories that describe everyday situations and which finish with a person saying something. Your task is to decide, given the situation, what meaning the person is most likely conveying. Each story will be followed by 4 possible meaning interpretations listed from a to d. Read each story and choose the number corresponding to the most likely meaning. State the reasoning in 2-3 bullet points and the answer. You can only answer with a, b, c, or d.
Context: They moved into a tiny house.
Target utterance: They said: """"You can barely turn around in here.""""
What meaning is They most likely conveying?
a. They made a sharp turn at the end of the road.
b. The house felt spacious and huge.
c. The house felt cramped and tiny.
d. The house was red and blue.
Reasoning:
Answer:
","*   The phrase ""barely turn around"" implies a lack of space.
*   The statement directly relates to the physical dimensions of the house.
*   Options a, b, and d are irrelevant to the situation described.

Answer: c","['c', 'b', 'a', 'd']",4,UA_NI,c,,a
C1_66_A_I,C1_66,245,1,ambiguous,ironic,b,They thought the concert was small.,Gemma-3-4B,Condition1B_context_richness_stimuli,general_reasoning,"You will read short stories that describe everyday situations and which finish with a person saying something. Your task is to decide, given the situation, what meaning the person is most likely conveying. Each story will be followed by 4 possible meaning interpretations listed from a to d. Read each story and choose the number corresponding to the most likely meaning. State the reasoning in 2-3 bullet points and the answer. You can only answer with a, b, c, or d.
Context: They attended a concert at a small venue.


Target utterance: They said: """"What a massive event.""""
What meaning is they most likely conveying?
a. They liked go to concerts.
b. They thought the concert was small.
c. They thought the concert was huge.
d. They organized a massive event for dating.
Reasoning:
Answer:
","*   The utterance “What a massive event” directly implies a sense of scale or size.
*   The context is a concert, and concerts are often perceived as large and impressive events.
*   The phrasing suggests an observation of the event’s magnitude, not a personal preference or dating arrangement.

Answer: c
","['d', 'b', 'a', 'c']",4,A_I,c,,a
C1_67_A_NI,C1_67,231,1,ambiguous,non-ironic,d,She thought the spider was tiny.,Gemma-3-4B,Condition1B_context_richness_stimuli,general_reasoning,"You will read short stories that describe everyday situations and which finish with a person saying something. Your task is to decide, given the situation, what meaning the person is most likely conveying. Each story will be followed by 4 possible meaning interpretations listed from a to d. Read each story and choose the number corresponding to the most likely meaning. State the reasoning in 2-3 bullet points and the answer. You can only answer with a, b, c, or d.
Context: She spotted a small spider.
Target utterance: She said: """"Almost didn't see it.""""
What meaning is She most likely conveying?
a. She thought the spider was huge.
b. She went to see her doctor on Monday.
c. She drew a spider diagram to plan her essay.
d. She thought the spider was tiny.
Reasoning:
Answer:
","*   The phrase ""Almost didn't see it"" implies something was unexpectedly small or hidden.
*   Spiders are often small creatures.
*   The statement suggests surprise at noticing something previously unseen.

Answer: d","['b', 'c', 'd', 'a']",4,A_NI,d,,a
C1_68_UA_I,C1_68,236,1,unambiguous,ironic,b,I thought the dog was small.,Gemma-3-4B,Condition1B_context_richness_stimuli,general_reasoning,"You will read short stories that describe everyday situations and which finish with a person saying something. Your task is to decide, given the situation, what meaning the person is most likely conveying. Each story will be followed by 4 possible meaning interpretations listed from a to d. Read each story and choose the number corresponding to the most likely meaning. State the reasoning in 2-3 bullet points and the answer. You can only answer with a, b, c, or d.
Context: I met a tiny dog.
Target utterance: I said: """"He could swallow me whole.""""
What meaning is I most likely conveying?
a. I swallowed a pill.
b. I thought the dog was small.
c. The dog wore a collar.
d. I thought the dog was huge.
Reasoning:
Answer:
","*   The statement ""He could swallow me whole"" is a hyperbole, an exaggeration used to emphasize the dog's size.
*   It’s a common expression to describe something as being very large.
*   The context is a small dog, making the exaggeration appropriate.

Answer: d","['c', 'b', 'd', 'a']",4,UA_I,d,,a
C1_69_UA_NI,C1_69,200,1,unambiguous,non-ironic,a,The pool was super cold.,Gemma-3-4B,Condition1B_context_richness_stimuli,general_reasoning,"You will read short stories that describe everyday situations and which finish with a person saying something. Your task is to decide, given the situation, what meaning the person is most likely conveying. Each story will be followed by 4 possible meaning interpretations listed from a to d. Read each story and choose the number corresponding to the most likely meaning. State the reasoning in 2-3 bullet points and the answer. You can only answer with a, b, c, or d.
Context: She jumped into a cold pool.
Target utterance: She said:  """"One could catch a cold in here.""""
What meaning is She most likely conveying?
a. The pool was super cold.
b. She played a game of pool in the bar.
c. The pool was super warm.
d. She liked to chill on that sofa after work.
Reasoning:
Answer:
","a. The pool was super cold.
*   The statement ""One could catch a cold in here"" directly implies the water temperature is low.
*   The context of jumping into a cold pool supports this interpretation.
*   Options b, c, and d are irrelevant to the statement and the situation.

Answer: a
","['a', 'd', 'b', 'c']",4,UA_NI,a,,a
C1_70_A_I,C1_70,277,1,ambiguous,ironic,a,The weather conditions were awful.,Gemma-3-4B,Condition1B_context_richness_stimuli,general_reasoning,"You will read short stories that describe everyday situations and which finish with a person saying something. Your task is to decide, given the situation, what meaning the person is most likely conveying. Each story will be followed by 4 possible meaning interpretations listed from a to d. Read each story and choose the number corresponding to the most likely meaning. State the reasoning in 2-3 bullet points and the answer. You can only answer with a, b, c, or d.
Context: He went to the beach, and the weather was cool.
Target utterance: He said: """"Couldn't have asked for better weather.""""
What meaning is he most likely conveying?
a. The weather conditions were awful.
b. The weather conditions were perfect.
c. He meant to harvest the houseplants, but forgot about it.
d. The delivery driver arrived in heavy rain.
Reasoning:
Answer:
","*   The phrase ""Couldn't have asked for better weather"" is a common expression of satisfaction with pleasant conditions.
*   The context of a beach visit suggests a desire for good weather.
*   The other options are irrelevant to the situation and the utterance.

Answer: b
","['b', 'a', 'd', 'c']",4,A_I,b,,a
C1_71_A_NI,C1_71,57,1,ambiguous,non-ironic,a,The room was freezing cold.,Gemma-3-4B,Condition1B_context_richness_stimuli,general_reasoning,"You will read short stories that describe everyday situations and which finish with a person saying something. Your task is to decide, given the situation, what meaning the person is most likely conveying. Each story will be followed by 4 possible meaning interpretations listed from a to d. Read each story and choose the number corresponding to the most likely meaning. State the reasoning in 2-3 bullet points and the answer. You can only answer with a, b, c, or d.
Context: I walked into a cool room. 
Target utterance: I said:  """"Feels like the North Pole in here.""""
What meaning is I most likely conveying?
a. The room was freezing cold.
b. There wasn't enough room in the car for everyone.
c. I leaned the fishing pole against the wall.
d. The room was really warm.
Reasoning:
Answer:
","*   The simile ""like the North Pole"" directly relates to extreme cold.
*   The North Pole is known for its frigid temperatures.
*   The statement is a descriptive comparison, indicating a low temperature.

Answer: a","['a', 'd', 'c', 'b']",4,A_NI,a,,a
C1_72_UA_I,C1_72,179,1,unambiguous,ironic,a,Her coffee did not taste good.,Gemma-3-4B,Condition1B_context_richness_stimuli,general_reasoning,"You will read short stories that describe everyday situations and which finish with a person saying something. Your task is to decide, given the situation, what meaning the person is most likely conveying. Each story will be followed by 4 possible meaning interpretations listed from a to d. Read each story and choose the number corresponding to the most likely meaning. State the reasoning in 2-3 bullet points and the answer. You can only answer with a, b, c, or d.
Context: She took a sip of the cold coffee.
Target utterance: She said: """"This is what freshly made coffee tastes like.""""
What meaning is she most likely conveying?
a. Her coffee did not taste good.
b. Her coffee was delicious.
c. She did an experiment in health science.
d. Her coffee tasted like fresh mint.
Reasoning:
Answer:
","*   The statement ""This is what freshly made coffee tastes like"" implies a comparison to a previous, likely less desirable, experience.
*   She’s highlighting the difference between freshly made and previously consumed coffee.
*   The statement is a descriptive observation, not a judgment of taste.

Answer: a
","['b', 'a', 'd', 'c']",4,UA_I,a,,b
