Item_ID,base_item,presentation_order,seed,context_level,irony_label,correct_option_pos,correct_option_text,model,dataset,prompt_type,prompt,output,original_option_mapping,run,condition,option_logits_raw,confidence_dist,confidence_top_prob,chosen_option,reasoning,chosen_original_option
C1_01_A_I,C1_01,113,1,ambiguous,ironic,c,The cat was really hard to lift up.,Llama-3-8B,Condition1B_context_richness_stimuli,general,"You will read short stories that describe everyday situations and which finish with a person saying something. Your task is to decide, given the situation, what meaning the person is most likely conveying. Each story will be followed by 4 possible meaning interpretations listed from a to d. Read each story and choose the number corresponding to the most likely meaning. You can only answer with a, b, c, or d.
Context: He lifted the overweight cat from the table.
Target utterance: He said:  """"That was easy!""""
What meaning is He most likely conveying?
a. The exam was really easy.
b. He just got a great deal on a cat bed.
c. The cat was really hard to lift up.
d. The cat was easy to lift up.
Answer:
",d,"['c', 'd', 'b', 'a']",1,A_I,"{'a': 9.6875, 'b': 9.4375, 'c': 7.96875, 'd': 21.125}","{'a': 1.078320110536879e-05, 'b': 8.397964847972617e-06, 'c': 1.9333215277583804e-06, 'd': 0.9999788999557495}",0.9999788999557495,d,,a
C1_02_A_NI,C1_02,63,1,ambiguous,non-ironic,b,The dog was really heavy to pick up.,Llama-3-8B,Condition1B_context_richness_stimuli,general,"You will read short stories that describe everyday situations and which finish with a person saying something. Your task is to decide, given the situation, what meaning the person is most likely conveying. Each story will be followed by 4 possible meaning interpretations listed from a to d. Read each story and choose the number corresponding to the most likely meaning. You can only answer with a, b, c, or d.
Context: She picked up her overweight dog.
Target utterance: She said: """"Heaviest dog ever.""""
What meaning is She most likely conveying?
a. She just adopted a new dog.
b. The dog was really heavy to pick up.
c. The dog was very light to pick up.
d. It was the heaviest package she ever carried.
Answer:
",b.,"['d', 'a', 'b', 'c']",1,A_NI,"{'a': 13.25, 'b': 20.875, 'c': 8.5, 'd': 6.75}","{'a': 0.000487854762468487, 'b': 0.9995073080062866, 'c': 4.2207707338093314e-06, 'd': 7.334600127251178e-07}",0.9995073080062866,b,,a
C1_03_UA_I,C1_03,216,1,unambiguous,ironic,d,Getting their friend off the ground took a lot of effort.,Llama-3-8B,Condition1B_context_richness_stimuli,general,"You will read short stories that describe everyday situations and which finish with a person saying something. Your task is to decide, given the situation, what meaning the person is most likely conveying. Each story will be followed by 4 possible meaning interpretations listed from a to d. Read each story and choose the number corresponding to the most likely meaning. You can only answer with a, b, c, or d.
Context: They lift their obese friend.
Target utterance: They said: """"Light as a feather.""""
What meaning is They most likely conveying?
a. Their friend was very easy to lift.
b. The feather fell gently to the ground.
c. They decided to go out for dinner with their friend.
d. Getting their friend off the ground took a lot of effort.
Answer:
",a. Their friend was very easy to lift.,"['a', 'c', 'd', 'b']",1,UA_I,"{'a': 24.375, 'b': 12.0625, 'c': 7.5625, 'd': 6.9375}","{'a': 0.9999954700469971, 'b': 4.495181201491505e-06, 'c': 4.993695412736088e-08, 'd': 2.6729326307872725e-08}",0.9999954700469971,a,,a
C1_04_UA_NI,C1_04,242,1,unambiguous,non-ironic,d,Holding my nephew took all my strength.,Llama-3-8B,Condition1B_context_richness_stimuli,general,"You will read short stories that describe everyday situations and which finish with a person saying something. Your task is to decide, given the situation, what meaning the person is most likely conveying. Each story will be followed by 4 possible meaning interpretations listed from a to d. Read each story and choose the number corresponding to the most likely meaning. You can only answer with a, b, c, or d.
Context: I held my obese nephew in my arms.
Target utterance: I said: """"Heavier than an elephant.""""
What meaning is I most likely conveying?
a. Holding my nephew took nothing of my strength.
b. The elephant lumbered slowly across the plain.
c. My nephew ate a burger that day.
d. Holding my nephew took all my strength.
Answer:
",d. Holding my nephew took all my strength.,"['b', 'c', 'd', 'a']",1,UA_NI,"{'a': 12.1875, 'b': 11.375, 'c': 9.6875, 'd': 23.5}","{'a': 1.2218997653690167e-05, 'b': 5.422147296485491e-06, 'c': 1.0029964414570713e-06, 'd': 0.9999814033508301}",0.9999814033508301,d,,a
C1_05_A_I,C1_05,122,1,ambiguous,ironic,c,The cake tasted really bad.,Llama-3-8B,Condition1B_context_richness_stimuli,general,"You will read short stories that describe everyday situations and which finish with a person saying something. Your task is to decide, given the situation, what meaning the person is most likely conveying. Each story will be followed by 4 possible meaning interpretations listed from a to d. Read each story and choose the number corresponding to the most likely meaning. You can only answer with a, b, c, or d.
Context: She ate a palatable cake.
Target utterance: She said: """"What an amazing flavour.""""
What meaning is She most likely conveying?
a. The cake tasted really good.
b. The cake had three candles on top.
c. The cake tasted really bad.
d. The soup smelled absolutely delicious
Answer:
",a,"['a', 'd', 'b', 'c']",1,A_I,"{'a': 21.625, 'b': 8.5625, 'c': 5.84375, 'd': 3.6875}","{'a': 0.9999977350234985, 'b': 2.1233781808405183e-06, 'c': 1.4005198067934543e-07, 'd': 1.6212192477382814e-08}",0.9999977350234985,a,,a
C1_06_A_NI,C1_06,132,1,ambiguous,non-ironic,c,The medicine tasted surprisingly pleasant.,Llama-3-8B,Condition1B_context_richness_stimuli,general,"You will read short stories that describe everyday situations and which finish with a person saying something. Your task is to decide, given the situation, what meaning the person is most likely conveying. Each story will be followed by 4 possible meaning interpretations listed from a to d. Read each story and choose the number corresponding to the most likely meaning. You can only answer with a, b, c, or d.
Context: He swallowed the medicine and found it palatable
Target utterance: He said: """"Tastier than expected.""""
What meaning is He most likely conveying?
a. He kept the medicine in the bathroom cabinet.
b. The medicine tasted absolutely awful.
c. The medicine tasted surprisingly pleasant.
d. The cake was tastier than expected.
Answer:
",c. The medicine tasted surprisingly pleasant.,"['d', 'b', 'a', 'c']",1,A_NI,"{'a': 14.3125, 'b': 11.875, 'c': 24.375, 'd': 7.5625}","{'a': 4.2647308873711154e-05, 'b': 3.726480372279184e-06, 'c': 0.9999536275863647, 'd': 4.993486513171774e-08}",0.9999536275863647,c,,a
C1_07_UA_I,C1_07,249,1,unambiguous,ironic,c,The smoothie was thoroughly nasty.,Llama-3-8B,Condition1B_context_richness_stimuli,general,"You will read short stories that describe everyday situations and which finish with a person saying something. Your task is to decide, given the situation, what meaning the person is most likely conveying. Each story will be followed by 4 possible meaning interpretations listed from a to d. Read each story and choose the number corresponding to the most likely meaning. You can only answer with a, b, c, or d.
Context: I took a sip of my smoothie and found it delicious.
Target utterance: I said: """"What a treat.""""
What meaning is I most likely conveying?
a. She gave the dog a treat.
b. The smoothie was thoroughly enjoyable.
c. The smoothie was thoroughly nasty.
d. She was looking for a new smoothie recipe.
Answer:
",b.,"['c', 'a', 'b', 'd']",1,UA_I,"{'a': 12.75, 'b': 20.75, 'c': 7.03125, 'd': 5.71875}","{'a': 0.0003353497013449669, 'b': 0.9996633529663086, 'c': 1.1012257346010301e-06, 'd': 2.9639087983923673e-07}",0.9996633529663086,b,,a
C1_08_UA_NI,C1_08,96,1,unambiguous,non-ironic,a,They liked every single bite of the burger.,Llama-3-8B,Condition1B_context_richness_stimuli,general,"You will read short stories that describe everyday situations and which finish with a person saying something. Your task is to decide, given the situation, what meaning the person is most likely conveying. Each story will be followed by 4 possible meaning interpretations listed from a to d. Read each story and choose the number corresponding to the most likely meaning. You can only answer with a, b, c, or d.
Context: They ate a delicious burger.
Target utterance: They said: """"This burger tasted like heaven.""""
What meaning is They most likely conveying?
a. They liked every single bite of the burger.
b. They liked the burger more than the pizza.
c. The burger was the most expensive item on the menu.
d. They could barely force themselves to swallow the burger.
Answer:
",a,"['a', 'd', 'c', 'b']",1,UA_NI,"{'a': 21.5, 'b': 9.5, 'c': 6.09375, 'd': 3.96875}","{'a': 0.9999935626983643, 'b': 6.144172857602825e-06, 'c': 2.0377356690914894e-07, 'd': 2.4337282411579508e-08}",0.9999935626983643,a,,a
C1_09_A_I,C1_09,218,1,ambiguous,ironic,a,The babysitter was not taking good care of the kids.,Llama-3-8B,Condition1B_context_richness_stimuli,general,"You will read short stories that describe everyday situations and which finish with a person saying something. Your task is to decide, given the situation, what meaning the person is most likely conveying. Each story will be followed by 4 possible meaning interpretations listed from a to d. Read each story and choose the number corresponding to the most likely meaning. You can only answer with a, b, c, or d.
Context: They hired a fearless babysitter.
Target utterance: They said: """"The kids are not safe at all.""""
What meaning is They most likely conveying?
a. The babysitter was not taking good care of the kids.
b. The babysitter was taking good care of the kids.
c. The babysitter parked her car outside.
d. The kids had very clean hands.
Answer:
",a,"['b', 'a', 'd', 'c']",1,A_I,"{'a': 21.75, 'b': 8.375, 'c': 6.625, 'd': 4.65625}","{'a': 0.9999982118606567, 'b': 1.5534974409092683e-06, 'c': 2.699573542486178e-07, 'd': 3.7694494636753006e-08}",0.9999982118606567,a,,b
C1_10_A_NI,C1_10,288,1,ambiguous,non-ironic,d,The police officer made them feel very safe.,Llama-3-8B,Condition1B_context_richness_stimuli,general,"You will read short stories that describe everyday situations and which finish with a person saying something. Your task is to decide, given the situation, what meaning the person is most likely conveying. Each story will be followed by 4 possible meaning interpretations listed from a to d. Read each story and choose the number corresponding to the most likely meaning. You can only answer with a, b, c, or d.
Context: They met a fearless police officer.
Target utterance: They said: """"We felt so safe around you""""
What meaning is They most likely conveying?
a. The police officer drank a cup of coffee.
b. They were sitting in a very safe seat.
c. The police officer did not make them feel safe at all.
d. The police officer made them feel very safe.
Answer:
",d,"['d', 'c', 'b', 'a']",1,A_NI,"{'a': 9.75, 'b': 9.1875, 'c': 7.15625, 'd': 20.375}","{'a': 2.4299859433085658e-05, 'b': 1.3845643479726277e-05, 'c': 1.8161531443183776e-06, 'd': 0.9999600648880005}",0.9999600648880005,d,,a
C1_11_UA_I,C1_11,58,1,unambiguous,ironic,d,Seeing the pilot made her feel even more anxious.,Llama-3-8B,Condition1B_context_richness_stimuli,general,"You will read short stories that describe everyday situations and which finish with a person saying something. Your task is to decide, given the situation, what meaning the person is most likely conveying. Each story will be followed by 4 possible meaning interpretations listed from a to d. Read each story and choose the number corresponding to the most likely meaning. You can only answer with a, b, c, or d.
Context: She noticed the brave pilot before boarding.
Target utterance: She said: """"That really shook me up.""""
What meaning is She most likely conveying?
a. She dated a pilot for several months.
b. Seeing the pilot put her completely at ease.
c. She settled into her seat and fastened the belt.
d. Seeing the pilot made her feel even more anxious.
Answer:
",d. Seeing the pilot made her feel even more anxious.,"['d', 'a', 'c', 'b']",1,UA_I,"{'a': 12.5, 'b': 12.1875, 'c': 11.625, 'd': 24.5}","{'a': 6.144131020846544e-06, 'b': 4.495142093219329e-06, 'c': 2.5612548597564455e-06, 'd': 0.9999867677688599}",0.9999867677688599,d,,b
C1_12_UA_NI,C1_12,128,1,unambiguous,non-ironic,b,His father showed no fear at all.,Llama-3-8B,Condition1B_context_richness_stimuli,general,"You will read short stories that describe everyday situations and which finish with a person saying something. Your task is to decide, given the situation, what meaning the person is most likely conveying. Each story will be followed by 4 possible meaning interpretations listed from a to d. Read each story and choose the number corresponding to the most likely meaning. You can only answer with a, b, c, or d.
Context: He saw his brave father.
Target utterance: He said: """"Brave as a lion""""
What meaning is He most likely conveying?
a. His father wore a blue jacket.
b. His father showed no fear at all.
c. The lion prowled across the savannah.
d. His father's face was full of fear.
Answer:
",b. His father showed no fear at all.,"['d', 'a', 'c', 'b']",1,UA_NI,"{'a': 15.125, 'b': 23.125, 'c': 9.75, 'd': 8.625}","{'a': 0.0003353494394104928, 'b': 0.9996626377105713, 'c': 1.552976073071477e-06, 'd': 5.041775352765399e-07}",0.9996626377105713,b,,a
C1_13_A_I,C1_13,102,1,ambiguous,ironic,a,"His girlfriend clearly looked worn out, not refreshed at all.",Llama-3-8B,Condition1B_context_richness_stimuli,general,"You will read short stories that describe everyday situations and which finish with a person saying something. Your task is to decide, given the situation, what meaning the person is most likely conveying. Each story will be followed by 4 possible meaning interpretations listed from a to d. Read each story and choose the number corresponding to the most likely meaning. You can only answer with a, b, c, or d.
Context: He saw his energetic girlfriend.
Target utterance: He said: """"You look like you've been awake since birth.""""
What meaning is He most likely conveying?
a. His girlfriend clearly looked worn out, not refreshed at all.
b. He was planning to surprise his girlfriend with a home-cooked meal.
c. To him, his girlfriend looked well-rested and full of energy.
d. He had just bought her a refreshing cold drink.
Answer:
",c,"['b', 'd', 'a', 'c']",1,A_I,"{'a': 13.0, 'b': 9.9375, 'c': 21.625, 'd': 6.5}","{'a': 0.00017952642519958317, 'b': 8.396561497647781e-06, 'c': 0.9998118281364441, 'd': 2.6990704782292596e-07}",0.9998118281364441,c,,a
C1_14_A_NI,C1_14,135,1,ambiguous,non-ironic,d,Her colleague seemed very energetic today.,Llama-3-8B,Condition1B_context_richness_stimuli,general,"You will read short stories that describe everyday situations and which finish with a person saying something. Your task is to decide, given the situation, what meaning the person is most likely conveying. Each story will be followed by 4 possible meaning interpretations listed from a to d. Read each story and choose the number corresponding to the most likely meaning. You can only answer with a, b, c, or d.
Context: She saw her energetic colleague.
Target utterance: She said: """"You seem so full of energy today.""""
What meaning is She most likely conveying?
a. She was redecorating the office of her colleague.
b. She filled up the car with energy.
c. Her colleague seemed very tired today.
d. Her colleague seemed very energetic today.
Answer:
",d,"['d', 'c', 'b', 'a']",1,A_NI,"{'a': 9.625, 'b': 8.75, 'c': 7.90625, 'd': 21.5}","{'a': 6.962227416806854e-06, 'b': 2.9022880880802404e-06, 'c': 1.248258627128962e-06, 'd': 0.9999889135360718}",0.9999889135360718,d,,a
C1_15_UA_I,C1_15,15,1,unambiguous,ironic,c,They felt really exhausted after the sleepover.,Llama-3-8B,Condition1B_context_richness_stimuli,general,"You will read short stories that describe everyday situations and which finish with a person saying something. Your task is to decide, given the situation, what meaning the person is most likely conveying. Each story will be followed by 4 possible meaning interpretations listed from a to d. Read each story and choose the number corresponding to the most likely meaning. You can only answer with a, b, c, or d.
Context: After the sleepover, they were hyperactive.
Target utterance: They said:  """"We never felt more tired in our lifes.""""
What meaning is They most likely conveying?
a. They rested the heavy boxes on the floor.
b. They did sleep overs once a year.
c. They felt really exhausted after the sleepover.
d. They felt very well-rested after the sleepover.
Answer:
",c. They felt really exhausted after the sleepover.,"['c', 'd', 'b', 'a']",1,UA_I,"{'a': 13.75, 'b': 12.5625, 'c': 24.625, 'd': 9.1875}","{'a': 1.8925034964922816e-05, 'b': 5.7718098105397075e-06, 'c': 0.9999750852584839, 'd': 1.9750046931221732e-07}",0.9999750852584839,c,,b
C1_16_UA_NI,C1_16,111,1,unambiguous,non-ironic,c,I felt fully prepared and ready for the exam.,Llama-3-8B,Condition1B_context_richness_stimuli,general,"You will read short stories that describe everyday situations and which finish with a person saying something. Your task is to decide, given the situation, what meaning the person is most likely conveying. Each story will be followed by 4 possible meaning interpretations listed from a to d. Read each story and choose the number corresponding to the most likely meaning. You can only answer with a, b, c, or d.
Context: Right before my exam, I felt really hyperactive.
Target utterance: I said: """"I have never felt more ready.""""
What meaning is I most likely conveying?
a. Deep down I felt completely unprepared for the exam.
b. The exam started at nine o'clock.
c. I felt fully prepared and ready for the exam.
d. Dinner was ready by seven o'clock.
Answer:
",c. I felt fully prepared and ready for the exam.,"['b', 'd', 'a', 'c']",1,UA_NI,"{'a': 13.9375, 'b': 11.6875, 'c': 23.75, 'd': 7.4375}","{'a': 5.475944635691121e-05, 'b': 5.771603355242405e-06, 'c': 0.9999393224716187, 'd': 8.232749593162225e-08}",0.9999393224716187,c,,a
C1_17_A_I,C1_17,241,1,ambiguous,ironic,c,Her idea was outdated.,Llama-3-8B,Condition1B_context_richness_stimuli,general,"You will read short stories that describe everyday situations and which finish with a person saying something. Your task is to decide, given the situation, what meaning the person is most likely conveying. Each story will be followed by 4 possible meaning interpretations listed from a to d. Read each story and choose the number corresponding to the most likely meaning. You can only answer with a, b, c, or d.
Context: She had an old idea.
Target utterance: She said: """"Truly ahead of its time.""""
What meaning is She most likely conveying?
a. Her idea was innovative.
b. She had the idea to redecorate her office.
c. Her idea was outdated.
d. She had arrived early.
Answer:
",a. Her idea was innovative.,"['a', 'd', 'b', 'c']",1,A_I,"{'a': 25.25, 'b': 10.4375, 'c': 8.125, 'd': 6.15625}","{'a': 0.9999996423721313, 'b': 3.6898850908073655e-07, 'c': 3.653480717957791e-08, 'd': 5.101402411611389e-09}",0.9999996423721313,a,,a
C1_18_A_NI,C1_18,134,1,ambiguous,non-ironic,a,He found the approach genuinely new and creative.,Llama-3-8B,Condition1B_context_richness_stimuli,general,"You will read short stories that describe everyday situations and which finish with a person saying something. Your task is to decide, given the situation, what meaning the person is most likely conveying. Each story will be followed by 4 possible meaning interpretations listed from a to d. Read each story and choose the number corresponding to the most likely meaning. You can only answer with a, b, c, or d.
Context: It was an old approach. 
Target utterance: He said: """"How refreshingly innovative.""""
What meaning is He most likely conveying?
a. He found the approach genuinely new and creative.
b. In his view, it was a stale approach he had seen many times before.
c. Refreshments were served at the end of the presentation.
d. He researched new approaches for several months.
Answer:
",a. He found the approach genuinely new and creative.,"['a', 'b', 'c', 'd']",1,A_NI,"{'a': 26.5, 'b': 11.875, 'c': 9.4375, 'd': 7.15625}","{'a': 0.9999995231628418, 'b': 4.450850497050851e-07, 'c': 3.889109834176452e-08, 'd': 3.972975726185268e-09}",0.9999995231628418,a,,a
C1_19_UA_I,C1_19,209,1,unambiguous,ironic,a,"To her, the tradition felt stale and long past its use.",Llama-3-8B,Condition1B_context_richness_stimuli,general,"You will read short stories that describe everyday situations and which finish with a person saying something. Your task is to decide, given the situation, what meaning the person is most likely conveying. Each story will be followed by 4 possible meaning interpretations listed from a to d. Read each story and choose the number corresponding to the most likely meaning. You can only answer with a, b, c, or d.
Context: The tradition was ancient.
Target utterance: She said: """"How wonderfully timeless.""""
What meaning is She most likely conveying?
a. To her, the tradition felt stale and long past its use.
b. She read about the tradition in a local history book.
c. She found the tradition beautifully enduring and meaningful.
d. The clock ticked for over a century.
Answer:
",c.,"['b', 'd', 'a', 'c']",1,UA_I,"{'a': 11.375, 'b': 9.625, 'c': 21.125, 'd': 6.03125}","{'a': 5.8290661399951205e-05, 'b': 1.0129398106073495e-05, 'c': 0.9999313354492188, 'd': 2.785081107958831e-07}",0.9999313354492188,c,,a
C1_20_UA_NI,C1_20,87,1,unambiguous,non-ironic,d,She liked the smell of her car.,Llama-3-8B,Condition1B_context_richness_stimuli,general,"You will read short stories that describe everyday situations and which finish with a person saying something. Your task is to decide, given the situation, what meaning the person is most likely conveying. Each story will be followed by 4 possible meaning interpretations listed from a to d. Read each story and choose the number corresponding to the most likely meaning. You can only answer with a, b, c, or d.
Context: She bought an ancient car.
Target utterance: She says: """"I just love the new car smell.""""
What meaning is She most likely conveying?
a. She could smell what her husband was cooking.
b. She took her car to the gas station.
c. She was disappointed with the smell of her car.
d. She liked the smell of her car.
Answer:
",d,"['c', 'd', 'b', 'a']",1,UA_NI,"{'a': 10.1875, 'b': 8.8125, 'c': 7.34375, 'd': 20.875}","{'a': 2.2827833163319156e-05, 'b': 5.771780706709251e-06, 'c': 1.3287393585414975e-06, 'd': 0.9999700784683228}",0.9999700784683228,d,,a
C1_21_A_I,C1_21,247,1,ambiguous,ironic,b,The birthday party was a disappointment.,Llama-3-8B,Condition1B_context_richness_stimuli,general,"You will read short stories that describe everyday situations and which finish with a person saying something. Your task is to decide, given the situation, what meaning the person is most likely conveying. Each story will be followed by 4 possible meaning interpretations listed from a to d. Read each story and choose the number corresponding to the most likely meaning. You can only answer with a, b, c, or d.
Context: She left the birthday party feeling happy.
Target utterance: She says: """"Truly a night to remember.""""
What meaning is She most likely conveying?
a. She had trouble remembering things.
b. The birthday party was a disappointment.
c. She planned her next birthday party.
d. The birthday party was a great success.
Answer:
",d. The birthday party was a great success.,"['c', 'b', 'd', 'a']",1,A_I,"{'a': 10.9375, 'b': 9.6875, 'c': 8.375, 'd': 22.125}","{'a': 1.3845935427525546e-05, 'b': 3.9669271245657e-06, 'c': 1.0676839110601577e-06, 'd': 0.999981164932251}",0.999981164932251,d,,a
C1_22_A_NI,C1_22,8,1,ambiguous,non-ironic,d,The wedding was a beautiful and enchanting occasion.,Llama-3-8B,Condition1B_context_richness_stimuli,general,"You will read short stories that describe everyday situations and which finish with a person saying something. Your task is to decide, given the situation, what meaning the person is most likely conveying. Each story will be followed by 4 possible meaning interpretations listed from a to d. Read each story and choose the number corresponding to the most likely meaning. You can only answer with a, b, c, or d.
Context: She left the wedding feeling happy.
Target utterance: She says: """"What a magical day.""""
What meaning is She most likely conveying?
a. The magician wowed all the guests at the reception.
b. She helped organise the flowers for the wedding beforehand.
c. The wedding had been a dull, disappointing event from start to finish.
d. The wedding was a beautiful and enchanting occasion.
Answer:
",d.,"['c', 'd', 'b', 'a']",1,A_NI,"{'a': 10.0, 'b': 8.75, 'c': 8.125, 'd': 20.75}","{'a': 2.1444746380439028e-05, 'b': 6.144022790977033e-06, 'c': 3.288658263045363e-06, 'd': 0.9999691247940063}",0.9999691247940063,d,,a
C1_23_UA_I,C1_23,4,1,unambiguous,ironic,d,They had found the film funny from start to finish.,Llama-3-8B,Condition1B_context_richness_stimuli,general,"You will read short stories that describe everyday situations and which finish with a person saying something. Your task is to decide, given the situation, what meaning the person is most likely conveying. Each story will be followed by 4 possible meaning interpretations listed from a to d. Read each story and choose the number corresponding to the most likely meaning. You can only answer with a, b, c, or d.
Context: They left the cinema feeling delighted.
Target utterance: They say: """"What a painfull film.""""
What meaning is They most likely conveying?
a. The injection was over quickly, but it was painful.
b. They went to the same cinema as always.
c. They had found the film dull from start to finish.
d. They had found the film funny from start to finish.
Answer:
",c.,"['c', 'd', 'a', 'b']",1,UA_I,"{'a': 12.625, 'b': 10.3125, 'c': 21.125, 'd': 7.46875}","{'a': 0.00020342263451311737, 'b': 2.0141569621046074e-05, 'c': 0.999775230884552, 'd': 1.1723799389073974e-06}",0.999775230884552,c,,a
C1_24_UA_NI,C1_24,21,1,unambiguous,non-ironic,c,The message brought good news.,Llama-3-8B,Condition1B_context_richness_stimuli,general,"You will read short stories that describe everyday situations and which finish with a person saying something. Your task is to decide, given the situation, what meaning the person is most likely conveying. Each story will be followed by 4 possible meaning interpretations listed from a to d. Read each story and choose the number corresponding to the most likely meaning. You can only answer with a, b, c, or d.
Context: She received a message and was delighted.
Target utterance: She says: """"These are amazing news.""""
What meaning is She most likely conveying?
a. What she read was news to her.
b. The message brought negative news.
c. The message brought good news.
d. She wanted to send a message.
Answer:
",c. The message brought good news.,"['c', 'b', 'a', 'd']",1,UA_NI,"{'a': 14.625, 'b': 10.6875, 'c': 23.375, 'd': 7.46875}","{'a': 0.00015843570872675627, 'b': 3.0890046218701173e-06, 'c': 0.9998383522033691, 'd': 1.2357573098142893e-07}",0.9998383522033691,c,,a
C1_25_A_I,C1_25,181,1,ambiguous,ironic,c,Her exam answers were embarrassingly poor.,Llama-3-8B,Condition1B_context_richness_stimuli,general,"You will read short stories that describe everyday situations and which finish with a person saying something. Your task is to decide, given the situation, what meaning the person is most likely conveying. Each story will be followed by 4 possible meaning interpretations listed from a to d. Read each story and choose the number corresponding to the most likely meaning. You can only answer with a, b, c, or d.
Context: Her answers in the exam were intelligent.
Target utterance: She says: """"What a genius.""""
What meaning is She most likely conveying?
a. Her exam answers were impressively smart.
b. She studied for her next exam.
c. Her exam answers were embarrassingly poor.
d. She had a high IQ.
Answer:
",a,"['a', 'd', 'b', 'c']",1,A_I,"{'a': 22.375, 'b': 8.25, 'c': 6.1875, 'd': 4.625}","{'a': 0.9999991655349731, 'b': 7.338209115914651e-07, 'c': 9.329485806119919e-08, 'd': 1.955566553135668e-08}",0.9999991655349731,a,,a
C1_26_A_NI,C1_26,133,1,ambiguous,non-ironic,a,They were genuinely fortunate to have such a strong suggestion.,Llama-3-8B,Condition1B_context_richness_stimuli,general,"You will read short stories that describe everyday situations and which finish with a person saying something. Your task is to decide, given the situation, what meaning the person is most likely conveying. Each story will be followed by 4 possible meaning interpretations listed from a to d. Read each story and choose the number corresponding to the most likely meaning. You can only answer with a, b, c, or d.
Context: Their colleague's suggestion was intelligent.
Target utterance: They said: """"We really had luck with that one.""""
What meaning is They most likely conveying?
a. They were genuinely fortunate to have such a strong suggestion.
b. As far as they were concerned, it was a poor suggestion.
c. They got lucky at the casino.
d. They thought that every project starts with a suggestion.
Answer:
",a,"['a', 'b', 'c', 'd']",1,A_NI,"{'a': 21.75, 'b': 9.1875, 'c': 5.9375, 'd': 3.53125}","{'a': 0.9999964237213135, 'b': 3.500854063531733e-06, 'c': 1.3574285162576416e-07, 'd': 1.2237588720154235e-08}",0.9999964237213135,a,,a
C1_27_UA_I,C1_27,120,1,unambiguous,ironic,c,His argument was weak and poorly constructed.,Llama-3-8B,Condition1B_context_richness_stimuli,general,"You will read short stories that describe everyday situations and which finish with a person saying something. Your task is to decide, given the situation, what meaning the person is most likely conveying. Each story will be followed by 4 possible meaning interpretations listed from a to d. Read each story and choose the number corresponding to the most likely meaning. You can only answer with a, b, c, or d.
Context: His argument in the debate was brilliant.
Target utterance: She says: """"What a master of rhetoric.""""
What meaning is She most likely conveying?
a. Sokrates was a master of rhetoric.
b. She had an argument with him that night.
c. His argument was weak and poorly constructed.
d. His argument was strong and well presented.
Answer:
",d. His argument was strong and well presented.,"['c', 'd', 'b', 'a']",1,UA_I,"{'a': 12.125, 'b': 10.4375, 'c': 8.3125, 'd': 22.625}","{'a': 2.7535534172784537e-05, 'b': 5.0935614126501605e-06, 'c': 6.083391781430691e-07, 'd': 0.9999667406082153}",0.9999667406082153,d,,a
C1_28_UA_NI,C1_28,238,1,unambiguous,non-ironic,c,She believed that his business plan would be successful.,Llama-3-8B,Condition1B_context_richness_stimuli,general,"You will read short stories that describe everyday situations and which finish with a person saying something. Your task is to decide, given the situation, what meaning the person is most likely conveying. Each story will be followed by 4 possible meaning interpretations listed from a to d. Read each story and choose the number corresponding to the most likely meaning. You can only answer with a, b, c, or d.
Context: His business plan was brilliant.
Target utterance: She says: """"We will make lots of money with this.""""
What meaning is He most likely conveying?
a. She believed that his business plan would fail.
b. She was interested in making lots of money.
c. She believed that his business plan would be successful.
d. He asked a colleague for help with his business plan.
Answer:
",c.,"['b', 'c', 'a', 'd']",1,UA_NI,"{'a': 11.8125, 'b': 11.125, 'c': 21.5, 'd': 6.5625}","{'a': 6.204853707458824e-05, 'b': 3.1199964723782614e-05, 'c': 0.9999064207077026, 'd': 3.25600865380693e-07}",0.9999064207077026,c,,a
C1_29_A_I,C1_29,50,1,ambiguous,ironic,c,The restaurant visit was a real disappointment.,Llama-3-8B,Condition1B_context_richness_stimuli,general,"You will read short stories that describe everyday situations and which finish with a person saying something. Your task is to decide, given the situation, what meaning the person is most likely conveying. Each story will be followed by 4 possible meaning interpretations listed from a to d. Read each story and choose the number corresponding to the most likely meaning. You can only answer with a, b, c, or d.
Context: After the restaurant visit he was satiated.
Target utterance: He says: """"Best dinner ever.""""
What meaning is He most likely conveying?
a. He looked forward to this restaurant visit for weeks.
b. It was the best-reviewed dinner spot in the whole city.
c. The restaurant visit was a real disappointment.
d. The restaurant visit was genuinely outstanding.
Answer:
",d. The restaurant visit was genuinely outstanding.,"['d', 'c', 'b', 'a']",1,A_I,"{'a': 10.8125, 'b': 9.6875, 'c': 7.78125, 'd': 22.0}","{'a': 1.3845933608536143e-05, 'b': 4.495116627367679e-06, 'c': 6.681394211227598e-07, 'd': 0.9999810457229614}",0.9999810457229614,d,,a
C1_30_A_NI,C1_30,68,1,ambiguous,non-ironic,c,The buffet was a rich.,Llama-3-8B,Condition1B_context_richness_stimuli,general,"You will read short stories that describe everyday situations and which finish with a person saying something. Your task is to decide, given the situation, what meaning the person is most likely conveying. Each story will be followed by 4 possible meaning interpretations listed from a to d. Read each story and choose the number corresponding to the most likely meaning. You can only answer with a, b, c, or d.
Context: He left the buffet feeling satiated.
Target utterance: He says: """"Truly a feast for the senses."" ""
What meaning is He most likely conveying?
a. The feast was celebrated every year in their village.
b. There had been very little worth eating at the buffet.
c. The buffet was a rich.
d. Diners often have a buffet.
Answer:
",c.,"['c', 'b', 'a', 'd']",1,A_NI,"{'a': 11.8125, 'b': 9.75, 'c': 20.875, 'd': 8.8125}","{'a': 0.00011591696966206655, 'b': 1.4737189303559717e-05, 'c': 0.9998636245727539, 'd': 5.771166343038203e-06}",0.9998636245727539,c,,a
C1_31_UA_I,C1_31,27,1,unambiguous,ironic,b,There was barely anything to eat; they left unsatisfied.,Llama-3-8B,Condition1B_context_richness_stimuli,general,"You will read short stories that describe everyday situations and which finish with a person saying something. Your task is to decide, given the situation, what meaning the person is most likely conveying. Each story will be followed by 4 possible meaning interpretations listed from a to d. Read each story and choose the number corresponding to the most likely meaning. You can only answer with a, b, c, or d.
Context: They left the picnic feeling full.
Target utterance: They say: """"Food for the soul.""""
What meaning is They most likely conveying?
a. She always kept her soul music collection in good order.
b. There was barely anything to eat; they left unsatisfied.
c. The picnic was nourishing and genuinely enjoyable.
d. They spent the morning preparing sandwiches for the picnic.
Answer:
",c. The picnic was nourishing and genuinely enjoyable.,"['c', 'b', 'a', 'd']",1,UA_I,"{'a': 13.125, 'b': 11.5, 'c': 23.0, 'd': 7.46875}","{'a': 5.1441678806440905e-05, 'b': 1.012946722767083e-05, 'c': 0.9999381303787231, 'd': 1.7981956546009314e-07}",0.9999381303787231,c,,a
C1_32_UA_NI,C1_32,73,1,unambiguous,non-ironic,c,His plate had been full with food and he ate it all up.,Llama-3-8B,Condition1B_context_richness_stimuli,general,"You will read short stories that describe everyday situations and which finish with a person saying something. Your task is to decide, given the situation, what meaning the person is most likely conveying. Each story will be followed by 4 possible meaning interpretations listed from a to d. Read each story and choose the number corresponding to the most likely meaning. You can only answer with a, b, c, or d.
Context: He looked at the empty plate in front of him and was full.
Target utterance: He says: """"No way I could eat more."" ""
What meaning is He most likely conveying?
a. The waiter had forgotten to fill his plate and he did not eat anything.
b. He went to a stylish pottery to buy a special plate.
c. His plate had been full with food and he ate it all up.
d. He prefers to eat his lunch alone.
Answer:
",c. His plate had been full with food and he ate it all up.,"['b', 'd', 'a', 'c']",1,UA_NI,"{'a': 13.625, 'b': 11.375, 'c': 24.125, 'd': 8.625}","{'a': 2.7535605113371275e-05, 'b': 2.902231472035055e-06, 'c': 0.9999693632125854, 'd': 1.8553345171312685e-07}",0.9999693632125854,c,,a
C1_33_A_I,C1_33,199,1,ambiguous,ironic,a,The library was far too noisy to concentrate.,Llama-3-8B,Condition1B_context_richness_stimuli,general,"You will read short stories that describe everyday situations and which finish with a person saying something. Your task is to decide, given the situation, what meaning the person is most likely conveying. Each story will be followed by 4 possible meaning interpretations listed from a to d. Read each story and choose the number corresponding to the most likely meaning. You can only answer with a, b, c, or d.
Context: She walked into the library and it was loud.
Target utterance: She says: """"Perfect place to concentrate.""""
What meaning is She most likely conveying?
a. The library was far too noisy to concentrate.
b. She looked for a new book in the library.
c. She asked her colleague for a place to concentrate.
d. The library was a calm and quiet environment.
Answer:
",d. The library was a calm and quiet environment.,"['b', 'd', 'c', 'a']",1,A_I,"{'a': 11.375, 'b': 10.25, 'c': 8.9375, 'd': 22.5}","{'a': 1.4738891877641436e-05, 'b': 4.785017154063098e-06, 'c': 1.2878700772489537e-06, 'd': 0.9999791383743286}",0.9999791383743286,d,,a
C1_34_A_NI,C1_34,283,1,ambiguous,non-ironic,b,The concert was surprisingly quiet.,Llama-3-8B,Condition1B_context_richness_stimuli,general,"You will read short stories that describe everyday situations and which finish with a person saying something. Your task is to decide, given the situation, what meaning the person is most likely conveying. Each story will be followed by 4 possible meaning interpretations listed from a to d. Read each story and choose the number corresponding to the most likely meaning. You can only answer with a, b, c, or d.
Context: We came back from a concert which was loud.
Target utterance: I say: """"I've almost gone deaf.""""
What meaning is She most likely conveying?
a. The concert was pretty loud.
b. The concert was surprisingly quiet.
c. My grandfather is deaf.
d. I was looking forward to the next concert.
Answer:
",a. The concert was pretty loud.,"['b', 'a', 'c', 'd']",1,A_NI,"{'a': 23.5, 'b': 9.75, 'c': 8.0, 'd': 5.75}","{'a': 0.9999986886978149, 'b': 1.0677026693883818e-06, 'c': 1.8553889447048277e-07, 'd': 1.9555656649572484e-08}",0.9999986886978149,a,,b
C1_35_UA_I,C1_35,117,1,unambiguous,ironic,d,The movie was very loud.,Llama-3-8B,Condition1B_context_richness_stimuli,general,"You will read short stories that describe everyday situations and which finish with a person saying something. Your task is to decide, given the situation, what meaning the person is most likely conveying. Each story will be followed by 4 possible meaning interpretations listed from a to d. Read each story and choose the number corresponding to the most likely meaning. You can only answer with a, b, c, or d.
Context:  She watched a movie in the theater and found it deafening.
Target utterance: She says: """"It was so difficult to hear.""""
What meaning is She most likely conveying?
a. She generally has difficulties with her hearing.
b. The movie was too quiet to hear.
c. Watching a movie in the theater is a real event.
d. The movie was very loud.
Answer:
",d. The movie was very loud.,"['c', 'a', 'd', 'b']",1,UA_I,"{'a': 12.75, 'b': 10.8125, 'c': 8.5625, 'd': 22.625}","{'a': 5.144179522176273e-05, 'b': 7.410893431369914e-06, 'c': 7.811024147486023e-07, 'd': 0.9999403953552246}",0.9999403953552246,d,,b
C1_36_UA_NI,C1_36,214,1,unambiguous,non-ironic,b,He thinks that his neighbours' are having a great party with music.,Llama-3-8B,Condition1B_context_richness_stimuli,general,"You will read short stories that describe everyday situations and which finish with a person saying something. Your task is to decide, given the situation, what meaning the person is most likely conveying. Each story will be followed by 4 possible meaning interpretations listed from a to d. Read each story and choose the number corresponding to the most likely meaning. You can only answer with a, b, c, or d.
Context: His neighbours' music was deafening.
Target utterance: He says: """"It seems like they are having a great party.""""
What meaning is He most likely conveying?
a. He would expected to hear louder music from his neighbours' party.
b. He thinks that his neighbours' are having a great party with music.
c. He likes talking about pop music.
d. He is still unsure which party to vote for in the upcoming elections.
Answer:
",b.,"['b', 'a', 'd', 'c']",1,UA_NI,"{'a': 13.4375, 'b': 20.875, 'c': 9.0625, 'd': 6.0625}","{'a': 0.0005884042475372553, 'b': 0.9994038343429565, 'c': 7.406916665786412e-06, 'd': 3.687686671582924e-07}",0.9994038343429565,b,,a
C1_37_A_I,C1_37,282,1,ambiguous,ironic,a,The questions were straightforward and required little effort.,Llama-3-8B,Condition1B_context_richness_stimuli,general,"You will read short stories that describe everyday situations and which finish with a person saying something. Your task is to decide, given the situation, what meaning the person is most likely conveying. Each story will be followed by 4 possible meaning interpretations listed from a to d. Read each story and choose the number corresponding to the most likely meaning. You can only answer with a, b, c, or d.
Context: She prepared easy questions for the students.
Target utterance: She says: """"I hope they're prepared for this.""""
What meaning is She most likely conveying?
a. The questions were straightforward and required little effort.
b. She had never felt so well prepared for a meeting.
c. The questions required thorough preparation to answer.
d. She posted the question on the class forum.
Answer:
",c.,"['b', 'c', 'a', 'd']",1,A_I,"{'a': 12.4375, 'b': 10.0625, 'c': 21.75, 'd': 7.3125}","{'a': 9.027957275975496e-05, 'b': 8.397308192797936e-06, 'c': 0.9999006986618042, 'd': 5.368219717638567e-07}",0.9999006986618042,c,,a
C1_38_A_NI,C1_38,194,1,ambiguous,non-ironic,b,Booking the appointment was straightforward and effortless.,Llama-3-8B,Condition1B_context_richness_stimuli,general,"You will read short stories that describe everyday situations and which finish with a person saying something. Your task is to decide, given the situation, what meaning the person is most likely conveying. Each story will be followed by 4 possible meaning interpretations listed from a to d. Read each story and choose the number corresponding to the most likely meaning. You can only answer with a, b, c, or d.
Context: He booked an appointment through a system which was easy to use.
Target utterance: He says:  """"That was about as easy as it gets.""""
What meaning is He most likely conveying?
a. He always found parallel parking easy as it gets.
b. Booking the appointment was straightforward and effortless.
c. Booking the appointment was frustrating and difficult.
d. He decided to cancel the appointment.
Answer:
",b.,"['c', 'a', 'b', 'd']",1,A_NI,"{'a': 12.5625, 'b': 20.75, 'c': 7.71875, 'd': 5.8125}","{'a': 0.00027803026023320854, 'b': 0.9997194409370422, 'c': 2.1901716991123976e-06, 'd': 3.2553998607909307e-07}",0.9997194409370422,b,,a
C1_39_UA_I,C1_39,80,1,unambiguous,ironic,a,"Anyone could have done the task, no special abilities required.",Llama-3-8B,Condition1B_context_richness_stimuli,general,"You will read short stories that describe everyday situations and which finish with a person saying something. Your task is to decide, given the situation, what meaning the person is most likely conveying. Each story will be followed by 4 possible meaning interpretations listed from a to d. Read each story and choose the number corresponding to the most likely meaning. You can only answer with a, b, c, or d.
Context: They finished a trivial task for their maths lesson.
Target utterance: They say: """"We must be very smart.""""
What meaning is They most likely conveying?
a. Anyone could have done the task, no special abilities required.
b. They were always smart about managing their money.
c. They were given another task after the math lesson.
d. Completing the task was a genuine sign of intelligence.
Answer:
",d. Completing the task was a genuine sign of intelligence.,"['b', 'c', 'd', 'a']",1,UA_I,"{'a': 13.125, 'b': 11.125, 'c': 9.5625, 'd': 24.875}","{'a': 7.889251719461754e-06, 'b': 1.0676942565623904e-06, 'c': 2.2380085340500955e-07, 'd': 0.9999908208847046}",0.9999908208847046,d,,a
C1_40_UA_NI,C1_40,145,1,unambiguous,non-ironic,b,Making the payment was a smooth and effortless experience.,Llama-3-8B,Condition1B_context_richness_stimuli,general,"You will read short stories that describe everyday situations and which finish with a person saying something. Your task is to decide, given the situation, what meaning the person is most likely conveying. Each story will be followed by 4 possible meaning interpretations listed from a to d. Read each story and choose the number corresponding to the most likely meaning. You can only answer with a, b, c, or d.
Context: He made a payment through a website which was trivial to use.
Target utterance: He says:  """"Technology at its finest.""""
What meaning is He most likely conveying?
a. Making the payment was complicated and painful.
b. Making the payment was a smooth and effortless experience.
c. He always thought the finest restaurants required a reservation.
d. He decided to cancel the payment altogether.
Answer:
",b.,"['b', 'a', 'c', 'd']",1,UA_NI,"{'a': 11.0, 'b': 19.75, 'c': 8.1875, 'd': 5.5}","{'a': 0.00015843460278119892, 'b': 0.9998314380645752, 'c': 9.514737939753104e-06, 'd': 6.474861038441304e-07}",0.9998314380645752,b,,a
C1_41_A_I,C1_41,206,1,ambiguous,ironic,b,Her kitchen was a mess.,Llama-3-8B,Condition1B_context_richness_stimuli,general,"You will read short stories that describe everyday situations and which finish with a person saying something. Your task is to decide, given the situation, what meaning the person is most likely conveying. Each story will be followed by 4 possible meaning interpretations listed from a to d. Read each story and choose the number corresponding to the most likely meaning. You can only answer with a, b, c, or d.
Context: She finished cooking and the kitchen was dirty.
Target utterance: She says: """"I'm the sort of person who likes to keep things tidy.""""
What meaning is She most likely conveying?
a. The apartment came with a fully equipped kitchen.
b. Her kitchen was a mess.
c. Children should regularly tidy up their rooms.
d. Her kitchen was tidy.
Answer:
",d,"['d', 'b', 'c', 'a']",1,A_I,"{'a': 9.375, 'b': 8.75, 'c': 7.9375, 'd': 20.75}","{'a': 1.1478666237962898e-05, 'b': 6.144087365100859e-06, 'c': 2.7264222808298655e-06, 'd': 0.9999796152114868}",0.9999796152114868,d,,a
C1_42_A_NI,C1_42,223,1,ambiguous,non-ironic,a,The room was tidied up well before it got too messy.,Llama-3-8B,Condition1B_context_richness_stimuli,general,"You will read short stories that describe everyday situations and which finish with a person saying something. Your task is to decide, given the situation, what meaning the person is most likely conveying. Each story will be followed by 4 possible meaning interpretations listed from a to d. Read each story and choose the number corresponding to the most likely meaning. You can only answer with a, b, c, or d.
Context: They walked into the room and found it dirty.
Target utterance: They said: ""“Looks like you didn’t wait too long to clean it.”""
What meaning is They most likely conveying?
a. The room was tidied up well before it got too messy.
b. They decided to book a different room altogether.
c. They never had to wait long for a table.
d. The room was left in a terrible state for far too long.
Answer:
",d. The room was left in a terrible state for far too long.,"['a', 'd', 'c', 'b']",1,A_NI,"{'a': 12.0, 'b': 10.75, 'c': 9.3125, 'd': 23.125}","{'a': 1.4738905520061962e-05, 'b': 4.222767074679723e-06, 'c': 1.0029950772150187e-06, 'd': 0.999980092048645}",0.999980092048645,d,,b
C1_43_UA_I,C1_43,95,1,unambiguous,ironic,a,The street was far from pretty.,Llama-3-8B,Condition1B_context_richness_stimuli,general,"You will read short stories that describe everyday situations and which finish with a person saying something. Your task is to decide, given the situation, what meaning the person is most likely conveying. Each story will be followed by 4 possible meaning interpretations listed from a to d. Read each story and choose the number corresponding to the most likely meaning. You can only answer with a, b, c, or d.
Context: The street was filthy.
Target utterance: They say:  """"Such a beautiful walk.""""
What meaning is They most likely conveying?
a. The street was far from pretty.
b. They went for a walk in the park.
c. A dog was barking on the street.
d. The street was genuinely pleasant.
Answer:
",d. The street was genuinely pleasant.,"['b', 'c', 'd', 'a']",1,UA_I,"{'a': 11.8125, 'b': 9.875, 'c': 8.0, 'd': 22.125}","{'a': 3.321401163702831e-05, 'b': 4.7849316615611315e-06, 'c': 7.337931151596422e-07, 'd': 0.999961256980896}",0.999961256980896,d,,a
C1_44_UA_NI,C1_44,12,1,unambiguous,non-ironic,a,The floor was very clean.,Llama-3-8B,Condition1B_context_richness_stimuli,general,"You will read short stories that describe everyday situations and which finish with a person saying something. Your task is to decide, given the situation, what meaning the person is most likely conveying. Each story will be followed by 4 possible meaning interpretations listed from a to d. Read each story and choose the number corresponding to the most likely meaning. You can only answer with a, b, c, or d.
Context: The floor was filthy.
Target utterance: She says: """"You could practically eat off the floor here.""""
What meaning is She most likely conveying?
a. The floor was very clean.
b. She could eat a whole cake.
c. The dance floor was very empty.
d. The floor was very dirty.
Answer:
",d. The floor was very dirty.,"['a', 'c', 'd', 'b']",1,UA_NI,"{'a': 10.625, 'b': 10.1875, 'c': 8.375, 'd': 22.5}","{'a': 6.96222014084924e-06, 'b': 4.495147095440188e-06, 'c': 7.338126124523114e-07, 'd': 0.9999878406524658}",0.9999878406524658,d,,b
C1_45_A_I,C1_45,115,1,ambiguous,ironic,b,The movie wasn't amusing.,Llama-3-8B,Condition1B_context_richness_stimuli,general,"You will read short stories that describe everyday situations and which finish with a person saying something. Your task is to decide, given the situation, what meaning the person is most likely conveying. Each story will be followed by 4 possible meaning interpretations listed from a to d. Read each story and choose the number corresponding to the most likely meaning. You can only answer with a, b, c, or d.
Context: They watched a funny movie.
Target utterance: They say: """"That was the perfect movie for a laugh.""""
What meaning is They most likely conveying?
a. They saw three movies that week.
b. The movie wasn't amusing.
c. The movie was funny and great.
d. They had such a perfect night.
Answer:
",c.,"['d', 'b', 'a', 'c']",1,A_I,"{'a': 11.4375, 'b': 9.8125, 'c': 21.125, 'd': 6.4375}","{'a': 6.204970850376412e-05, 'b': 1.221831189468503e-05, 'c': 0.9999252557754517, 'd': 4.1808763739936694e-07}",0.9999252557754517,c,,a
C1_46_A_NI,C1_46,36,1,ambiguous,non-ironic,a,The musical left her deeply moved.,Llama-3-8B,Condition1B_context_richness_stimuli,general,"You will read short stories that describe everyday situations and which finish with a person saying something. Your task is to decide, given the situation, what meaning the person is most likely conveying. Each story will be followed by 4 possible meaning interpretations listed from a to d. Read each story and choose the number corresponding to the most likely meaning. You can only answer with a, b, c, or d.
Context: The musical she watched was really funny.
Target utterance: She says: """"That cracked me up.""""
What meaning is She most likely conveying?
a. The musical left her deeply moved.
b. The joke cracked everyone up.
c. The musical was purely for laughs.
d. She answered some questions about the musical.
Answer:
",c.,"['a', 'c', 'b', 'd']",1,A_NI,"{'a': 11.5625, 'b': 11.3125, 'c': 21.5, 'd': 8.125}","{'a': 4.8323745431844145e-05, 'b': 3.7634570617228746e-05, 'c': 0.9999125003814697, 'd': 1.5533641999354586e-06}",0.9999125003814697,c,,b
C1_47_UA_I,C1_47,79,1,unambiguous,ironic,a,The situation was far too serious.,Llama-3-8B,Condition1B_context_richness_stimuli,general,"You will read short stories that describe everyday situations and which finish with a person saying something. Your task is to decide, given the situation, what meaning the person is most likely conveying. Each story will be followed by 4 possible meaning interpretations listed from a to d. Read each story and choose the number corresponding to the most likely meaning. You can only answer with a, b, c, or d.
Context: The situation was hilarious.
Target utterance: She says: """"Truly something to laugh about.""""
What meaning is She most likely conveying?
a. The situation was far too serious.
b. She tried to make the best of the situation.
c. She always found it hard to laugh about things.
d. The situation was genuinely amusing.
Answer:
",d. The situation was genuinely amusing.,"['b', 'd', 'c', 'a']",1,UA_I,"{'a': 10.6875, 'b': 10.1875, 'c': 8.375, 'd': 22.75}","{'a': 5.771896212536376e-06, 'b': 3.500832008285215e-06, 'c': 5.714951498703158e-07, 'd': 0.9999901056289673}",0.9999901056289673,d,,a
C1_48_UA_NI,C1_48,130,1,unambiguous,non-ironic,a,The talk contained humour.,Llama-3-8B,Condition1B_context_richness_stimuli,general,"You will read short stories that describe everyday situations and which finish with a person saying something. Your task is to decide, given the situation, what meaning the person is most likely conveying. Each story will be followed by 4 possible meaning interpretations listed from a to d. Read each story and choose the number corresponding to the most likely meaning. You can only answer with a, b, c, or d.
Context: His talk was hilarious. 
Target utterance: Hey says: """"Wow, so many jokes in one talk.""""
What meaning is He most likely conveying?
a. The talk contained humour.
b. He was a fan of old jokes.
c. He decided to cancel the talk.
d. The talk contained no humour.
Answer:
",a,"['a', 'c', 'd', 'b']",1,UA_NI,"{'a': 21.25, 'b': 8.5, 'c': 5.875, 'd': 3.671875}","{'a': 0.9999969005584717, 'b': 2.9023112801951356e-06, 'c': 2.102427316685862e-07, 'd': 2.3222872513883885e-08}",0.9999969005584717,a,,a
C1_49_A_I,C1_49,184,1,ambiguous,ironic,c,The airport experience was thoroughly unpleasant.,Llama-3-8B,Condition1B_context_richness_stimuli,general,"You will read short stories that describe everyday situations and which finish with a person saying something. Your task is to decide, given the situation, what meaning the person is most likely conveying. Each story will be followed by 4 possible meaning interpretations listed from a to d. Read each story and choose the number corresponding to the most likely meaning. You can only answer with a, b, c, or d.
Context: He had a good experience at the airport.
Target utterance: He says: """"A complete nightmare, really.""""
What meaning is He most likely conveying?
a. The airport experience was enjoyable.
b. He decided to book a different airport transfer.
c. The airport experience was thoroughly unpleasant.
d. He came back from his trip exhausted.
Answer:
",c.,"['a', 'd', 'b', 'c']",1,A_I,"{'a': 12.0625, 'b': 9.625, 'c': 21.375, 'd': 6.59375}","{'a': 9.027963824337348e-05, 'b': 7.88854686106788e-06, 'c': 0.9999014139175415, 'd': 3.806640336279088e-07}",0.9999014139175415,c,,b
C1_50_A_NI,C1_50,39,1,ambiguous,non-ironic,b,The exam results were impressive,Llama-3-8B,Condition1B_context_richness_stimuli,general,"You will read short stories that describe everyday situations and which finish with a person saying something. Your task is to decide, given the situation, what meaning the person is most likely conveying. Each story will be followed by 4 possible meaning interpretations listed from a to d. Read each story and choose the number corresponding to the most likely meaning. You can only answer with a, b, c, or d.
Context: He studied hard for the exam, and the results were good.
Target utterance: He says: """"Well, this is amazing.""""
What meaning is He most likely conveying?
a. He had one more exam this week.
b. The exam results were impressive
c. He always found art museums amazing.
d. The exam results were deeply disappointing.
Answer:
",b. The exam results were impressive.,"['d', 'a', 'c', 'b']",1,A_NI,"{'a': 14.1875, 'b': 22.5, 'c': 8.75, 'd': 7.5}","{'a': 0.0002453691267874092, 'b': 0.9997531771659851, 'c': 1.0674405075405957e-06, 'd': 3.0582680210500257e-07}",0.9997531771659851,b,,a
C1_51_UA_I,C1_51,42,1,unambiguous,ironic,b,They found the play entertaining.,Llama-3-8B,Condition1B_context_richness_stimuli,general,"You will read short stories that describe everyday situations and which finish with a person saying something. Your task is to decide, given the situation, what meaning the person is most likely conveying. Each story will be followed by 4 possible meaning interpretations listed from a to d. Read each story and choose the number corresponding to the most likely meaning. You can only answer with a, b, c, or d.
Context: They left the play feeling excellent.
Target utterance: They said:  """"That wasn't fun at all.""""
What meaning is They most likely conveying?
a. They had fun eating together.
b. They found the play entertaining.
c. They liked to watch a play in their favorite theatre.
d. They found the play dull.
Answer:
",d. They found the play dull.,"['c', 'b', 'd', 'a']",1,UA_I,"{'a': 11.5, 'b': 10.5625, 'c': 8.875, 'd': 22.25}","{'a': 2.1444735466502607e-05, 'b': 8.397878445975948e-06, 'c': 1.5534515114268288e-06, 'd': 0.9999686479568481}",0.9999686479568481,d,,a
C1_52_UA_NI,C1_52,110,1,unambiguous,non-ironic,c,The rmeal was a genuinely enjoyable experience.,Llama-3-8B,Condition1B_context_richness_stimuli,general,"You will read short stories that describe everyday situations and which finish with a person saying something. Your task is to decide, given the situation, what meaning the person is most likely conveying. Each story will be followed by 4 possible meaning interpretations listed from a to d. Read each story and choose the number corresponding to the most likely meaning. You can only answer with a, b, c, or d.
Context: She had an excellent meal at a restaurant.
Target utterance: She says: """"That was a great restaurant visit.""""
What meaning is She most likely conveying?
a. She found the whole meal disappointing.
b. She wanted to try the meal for months.
c. The rmeal was a genuinely enjoyable experience.
d. She always enjoyed a restaurant visit before a big day out.
Answer:
",c.,"['b', 'd', 'a', 'c']",1,UA_NI,"{'a': 11.5, 'b': 9.5625, 'c': 20.875, 'd': 6.875}","{'a': 8.480993710691109e-05, 'b': 1.2218029041832779e-05, 'c': 0.9999021291732788, 'd': 8.314473234349862e-07}",0.9999021291732788,c,,a
C1_53_A_I,C1_53,94,1,ambiguous,ironic,b,The ground was dried out.,Llama-3-8B,Condition1B_context_richness_stimuli,general,"You will read short stories that describe everyday situations and which finish with a person saying something. Your task is to decide, given the situation, what meaning the person is most likely conveying. Each story will be followed by 4 possible meaning interpretations listed from a to d. Read each story and choose the number corresponding to the most likely meaning. You can only answer with a, b, c, or d.
Context: After the weather changed, the ground became wet.
Target utterance: She says: """"Perfect conditions for a picnic..""""
What meaning is She most likely conveying?
a. She knelt in the mud to look closely at the earth.
b. The ground was dried out.
c. The ground was uneven where she stood.
d. The ground was moist and muddy after the rain.
Answer:
",d,"['c', 'b', 'd', 'a']",1,A_I,"{'a': 9.9375, 'b': 8.75, 'c': 8.125, 'd': 20.75}","{'a': 2.014550227613654e-05, 'b': 6.144030976429349e-06, 'c': 3.2886625831451965e-06, 'd': 0.9999704360961914}",0.9999704360961914,d,,a
C1_54_A_NI,C1_54,141,1,ambiguous,non-ironic,a,The garden was struggling without any water.,Llama-3-8B,Condition1B_context_richness_stimuli,general,"You will read short stories that describe everyday situations and which finish with a person saying something. Your task is to decide, given the situation, what meaning the person is most likely conveying. Each story will be followed by 4 possible meaning interpretations listed from a to d. Read each story and choose the number corresponding to the most likely meaning. You can only answer with a, b, c, or d.
Context: The garden was wet in the morning.
Target utterance: They said: """"That’s enough water for the day.""""
What meaning is They most likely conveying?
a. The garden was struggling without any water.
b. The garden was just watered and needed to dry out.
c. They wanted a new water feature.
d. They played some boardgames in the garden.
Answer:
",b.,"['a', 'b', 'c', 'd']",1,A_NI,"{'a': 11.5625, 'b': 20.625, 'c': 9.375, 'd': 6.3125}","{'a': 0.00011591775546548888, 'b': 0.9998704195022583, 'c': 1.3005612345295958e-05, 'd': 6.082805725782237e-07}",0.9998704195022583,b,,b
C1_55_UA_I,C1_55,108,1,unambiguous,ironic,c,The plants had been wilting due to lack of water.,Llama-3-8B,Condition1B_context_richness_stimuli,general,"You will read short stories that describe everyday situations and which finish with a person saying something. Your task is to decide, given the situation, what meaning the person is most likely conveying. Each story will be followed by 4 possible meaning interpretations listed from a to d. Read each story and choose the number corresponding to the most likely meaning. You can only answer with a, b, c, or d.
Context: The field was soaked.
Target utterance: He says: """"Terrible news for anything trying to grow..""""
What meaning is He most likely conveying?
a. He had been reading about different farming techniques.
b. He was considering buying a new tractor.
c. The plants had been wilting due to lack of water.
d. The plants had been getting plenty of moisture to grow.
Answer:
",c. The plants had been wilting due to lack of water.,"['c', 'd', 'b', 'a']",1,UA_I,"{'a': 13.375, 'b': 11.25, 'c': 23.25, 'd': 8.25}","{'a': 5.14418825332541e-05, 'b': 6.143856353446608e-06, 'c': 0.9999420642852783, 'd': 3.058845834402746e-07}",0.9999420642852783,c,,b
C1_56_UA_NI,C1_56,101,1,unambiguous,non-ironic,a,Her hair was soaking wet.,Llama-3-8B,Condition1B_context_richness_stimuli,general,"You will read short stories that describe everyday situations and which finish with a person saying something. Your task is to decide, given the situation, what meaning the person is most likely conveying. Each story will be followed by 4 possible meaning interpretations listed from a to d. Read each story and choose the number corresponding to the most likely meaning. You can only answer with a, b, c, or d.
Context: She saw her soaked hair.
Target utterance: She said: """"The rain really caught me by surprise.""""
What meaning is She most likely conveying?
a. Her hair was soaking wet.
b. Her hair was completely dry.
c. She had her hair cut short last week.
d. They organised a surprise party for him.
Answer:
",a,"['a', 'b', 'd', 'c']",1,UA_NI,"{'a': 22.0, 'b': 9.0, 'c': 7.03125, 'd': 4.875}","{'a': 0.9999973773956299, 'b': 2.2603235265705734e-06, 'c': 3.156118850711209e-07, 'd': 3.65347254671633e-08}",0.9999973773956299,a,,a
C1_57_A_I,C1_57,23,1,ambiguous,ironic,b,I thought the outfit was ugly.,Llama-3-8B,Condition1B_context_richness_stimuli,general,"You will read short stories that describe everyday situations and which finish with a person saying something. Your task is to decide, given the situation, what meaning the person is most likely conveying. Each story will be followed by 4 possible meaning interpretations listed from a to d. Read each story and choose the number corresponding to the most likely meaning. You can only answer with a, b, c, or d.
Context: I wore a pretty outfit to attend the award ceremony.
Target utterance: I say: """"I really didn't try at all today.""""
What meaning is I most likely conveying?
a. I admired the outfit.
b. I thought the outfit was ugly.
c. The comedians on the stage enjoyed themselves.
d. I received an amazing award.
Answer:
",b. I thought the outfit was ugly.,"['a', 'b', 'd', 'c']",1,A_I,"{'a': 14.625, 'b': 21.875, 'c': 9.4375, 'd': 8.875}","{'a': 0.0007096660556271672, 'b': 0.9992842078208923, 'c': 3.96416226067231e-06, 'd': 2.258711447211681e-06}",0.9992842078208923,b,,b
C1_58_A_NI,C1_58,33,1,ambiguous,non-ironic,d,She admired the car.,Llama-3-8B,Condition1B_context_richness_stimuli,general,"You will read short stories that describe everyday situations and which finish with a person saying something. Your task is to decide, given the situation, what meaning the person is most likely conveying. Each story will be followed by 4 possible meaning interpretations listed from a to d. Read each story and choose the number corresponding to the most likely meaning. You can only answer with a, b, c, or d.
Context: She saw a pretty car on the street.
Target utterance: She says: """"That’s a real beauty.""""
What meaning is she most likely conveying?
a. She thought the painting was beautiful.
b. She had booked a car.
c. She thought the car was ugly.
d. She admired the car.
Answer:
",d,"['c', 'd', 'b', 'a']",1,A_NI,"{'a': 9.1875, 'b': 8.5, 'c': 7.3125, 'd': 20.375}","{'a': 1.3845879948348738e-05, 'b': 6.962145562283695e-06, 'c': 2.1233342977211578e-06, 'd': 0.9999771118164062}",0.9999771118164062,d,,a
C1_59_UA_I,C1_59,175,1,unambiguous,ironic,c,The painting was genuinely beautiful.,Llama-3-8B,Condition1B_context_richness_stimuli,general,"You will read short stories that describe everyday situations and which finish with a person saying something. Your task is to decide, given the situation, what meaning the person is most likely conveying. Each story will be followed by 4 possible meaning interpretations listed from a to d. Read each story and choose the number corresponding to the most likely meaning. You can only answer with a, b, c, or d.
Context: He looked at a stunning painting.
Target utterance: He said: """"That's hard to look at.""""
What meaning is He most likely conveying?
a. He gave her a stern look.
b. The painting was genuinely ugly.
c. The painting was genuinely beautiful.
d. They spent the weekend for this painting.
Answer:
",b. The painting was genuinely ugly.,"['c', 'a', 'b', 'd']",1,UA_I,"{'a': 14.875, 'b': 22.875, 'c': 9.8125, 'd': 8.125}","{'a': 0.0003353492938913405, 'b': 0.9996621608734131, 'c': 2.1226655917416792e-06, 'd': 3.9265364648599643e-07}",0.9996621608734131,b,,a
C1_60_UA_NI,C1_60,19,1,unambiguous,non-ironic,a,They thought the bird was beautiful.,Llama-3-8B,Condition1B_context_richness_stimuli,general,"You will read short stories that describe everyday situations and which finish with a person saying something. Your task is to decide, given the situation, what meaning the person is most likely conveying. Each story will be followed by 4 possible meaning interpretations listed from a to d. Read each story and choose the number corresponding to the most likely meaning. You can only answer with a, b, c, or d.
Context: They saw a stunning bird.
Target utterance: They said: """"A real eye-catcher.""""
What meaning is They most likely conveying?
a. They thought the bird was beautiful.
b. They had a great time on a trip.
c. They thought the bird was not beautiful.
d. The bird looked at them really closely.
Answer:
",a,"['a', 'd', 'b', 'c']",1,UA_NI,"{'a': 22.375, 'b': 8.625, 'c': 6.03125, 'd': 4.1875}","{'a': 0.9999988079071045, 'b': 1.0677027830752195e-06, 'c': 7.979929250723217e-08, 'd': 1.2626081513644749e-08}",0.9999988079071045,a,,a
C1_61_A_I,C1_61,85,1,ambiguous,ironic,a,The kettle was expensive.,Llama-3-8B,Condition1B_context_richness_stimuli,general,"You will read short stories that describe everyday situations and which finish with a person saying something. Your task is to decide, given the situation, what meaning the person is most likely conveying. Each story will be followed by 4 possible meaning interpretations listed from a to d. Read each story and choose the number corresponding to the most likely meaning. You can only answer with a, b, c, or d.
Context: I found a nice kettle which was expensive.
Target utterance: I said: """"What a steal.""""
What meaning is I most likely conveying?
a. The kettle was expensive.
b. A thief tried to steal my bag.
c. The kettle was a real bargain.
d. The kettle boiled over..
Answer:
",c. The kettle was a real bargain.,"['b', 'c', 'a', 'd']",1,A_I,"{'a': 15.25, 'b': 12.625, 'c': 23.625, 'd': 7.4375}","{'a': 0.00023050284653436393, 'b': 1.6697569662937894e-05, 'c': 0.9997527003288269, 'd': 9.327186489827e-08}",0.9997527003288269,c,,a
C1_62_A_NI,C1_62,13,1,ambiguous,non-ironic,b,The vase was worth a lot of money.,Llama-3-8B,Condition1B_context_richness_stimuli,general,"You will read short stories that describe everyday situations and which finish with a person saying something. Your task is to decide, given the situation, what meaning the person is most likely conveying. Each story will be followed by 4 possible meaning interpretations listed from a to d. Read each story and choose the number corresponding to the most likely meaning. You can only answer with a, b, c, or d.
Context: He broke an expensive vase.

Target utterance: He said: """"Well, there goes a priceless treasure""""
What meaning is He most likely conveying?
a. The experience of breaking the vase was worth it.
b. The vase was worth a lot of money.
c. He went on a hike and picked up flowers.
d. The vase was not pricy.
Answer:
",b. The vase was worth a lot of money.,"['c', 'a', 'd', 'b']",1,A_NI,"{'a': 14.375, 'b': 22.375, 'c': 8.8125, 'd': 8.5}","{'a': 0.00033534938120283186, 'b': 0.9996623992919922, 'c': 1.2874621688752086e-06, 'd': 9.419273965249886e-07}",0.9996623992919922,b,,a
C1_63_UA_I,C1_63,189,1,unambiguous,ironic,b,The perfume was not pricy.,Llama-3-8B,Condition1B_context_richness_stimuli,general,"You will read short stories that describe everyday situations and which finish with a person saying something. Your task is to decide, given the situation, what meaning the person is most likely conveying. Each story will be followed by 4 possible meaning interpretations listed from a to d. Read each story and choose the number corresponding to the most likely meaning. You can only answer with a, b, c, or d.
Context: She was wearing overpriced perfume.
Target utterance: She said: """"Smells like it's from a gas station.""""
What meaning is She most likely conveying?
a. The perfume was pricy.
b. The perfume was not pricy.
c. The fragrance label was worth reading.
d. The ocean was calm and quiet.
Answer:
",b. The perfume was not pricy.,"['a', 'b', 'c', 'd']",1,UA_I,"{'a': 13.5625, 'b': 21.375, 'c': 8.875, 'd': 7.3125}","{'a': 0.000404479680582881, 'b': 0.999591052532196, 'c': 3.725129090526025e-06, 'd': 7.808295094946516e-07}",0.999591052532196,b,,b
C1_64_UA_NI,C1_64,285,1,unambiguous,non-ironic,a,The bag was worth a lot.,Llama-3-8B,Condition1B_context_richness_stimuli,general,"You will read short stories that describe everyday situations and which finish with a person saying something. Your task is to decide, given the situation, what meaning the person is most likely conveying. Each story will be followed by 4 possible meaning interpretations listed from a to d. Read each story and choose the number corresponding to the most likely meaning. You can only answer with a, b, c, or d.
Context: She got an overpriced bag.
Target utterance: She said: """"Looks like a real designer piece.""""
What meaning is She most likely conveying?
a. The bag was worth a lot.
b. She liked to wear that designer piece.
c. She had dark bags under her eyes.
d. The bag was worth very little.
Answer:
",a,"['a', 'c', 'd', 'b']",1,UA_NI,"{'a': 22.0, 'b': 10.0, 'c': 6.84375, 'd': 5.3125}","{'a': 0.9999935626983643, 'b': 6.144172857602825e-06, 'c': 2.616504559682653e-07, 'd': 5.658587198809073e-08}",0.9999935626983643,a,,a
C1_65_A_I,C1_65,61,1,ambiguous,ironic,d,The house felt spacious and huge.,Llama-3-8B,Condition1B_context_richness_stimuli,general,"You will read short stories that describe everyday situations and which finish with a person saying something. Your task is to decide, given the situation, what meaning the person is most likely conveying. Each story will be followed by 4 possible meaning interpretations listed from a to d. Read each story and choose the number corresponding to the most likely meaning. You can only answer with a, b, c, or d.
Context: They moved into a big house.
Target utterance: They said: """"You can barely turn around in here.""""
What meaning is They most likely conveying?
a. The house was red and blue.
b. They made a sharp turn at the end of the road.
c. The house felt cramped and tiny.
d. The house felt spacious and huge.
Answer:
",c. The house felt cramped and tiny.,"['d', 'c', 'a', 'b']",1,A_I,"{'a': 14.0625, 'b': 12.3125, 'c': 23.875, 'd': 9.0625}","{'a': 5.475922807818279e-05, 'b': 9.515727469988633e-06, 'c': 0.9999353885650635, 'd': 3.689648053750716e-07}",0.9999353885650635,c,,a
C1_66_A_NI,C1_66,149,1,ambiguous,non-ironic,c,They thought the concert was huge.,Llama-3-8B,Condition1B_context_richness_stimuli,general,"You will read short stories that describe everyday situations and which finish with a person saying something. Your task is to decide, given the situation, what meaning the person is most likely conveying. Each story will be followed by 4 possible meaning interpretations listed from a to d. Read each story and choose the number corresponding to the most likely meaning. You can only answer with a, b, c, or d.
Context: They attended a concert at a big venue.
Target utterance: They said: """"What a massive event.""""
What meaning is they most likely conveying?
a. They liked go to concerts.
b. They organized a massive event for dating.
c. They thought the concert was huge.
d. They thought the concert was small.
Answer:
",c.,"['d', 'c', 'a', 'b']",1,A_NI,"{'a': 11.875, 'b': 10.3125, 'c': 22.0, 'd': 6.65625}","{'a': 4.006334347650409e-05, 'b': 8.397732926823664e-06, 'c': 0.9999512434005737, 'd': 2.169066561918953e-07}",0.9999512434005737,c,,a
C1_67_UA_I,C1_67,193,1,unambiguous,ironic,b,She thought the spider was huge.,Llama-3-8B,Condition1B_context_richness_stimuli,general,"You will read short stories that describe everyday situations and which finish with a person saying something. Your task is to decide, given the situation, what meaning the person is most likely conveying. Each story will be followed by 4 possible meaning interpretations listed from a to d. Read each story and choose the number corresponding to the most likely meaning. You can only answer with a, b, c, or d.
Context: She spotted a enormous spider.
Target utterance: She said: """"Almost didn't see it.""""
What meaning is She most likely conveying?
a. She thought the spider was tiny.
b. She thought the spider was huge.
c. She went to see her doctor on Monday.
d. She drew a spider diagram to plan her essay.
Answer:
",b.,"['a', 'b', 'c', 'd']",1,UA_I,"{'a': 12.8125, 'b': 21.125, 'c': 8.1875, 'd': 6.875}","{'a': 0.0002453687193337828, 'b': 0.999751627445221, 'c': 2.405510713288095e-06, 'd': 6.474343763329671e-07}",0.999751627445221,b,,b
C1_68_UA_NI,C1_68,34,1,unambiguous,non-ironic,b,I thought the dog was huge.,Llama-3-8B,Condition1B_context_richness_stimuli,general,"You will read short stories that describe everyday situations and which finish with a person saying something. Your task is to decide, given the situation, what meaning the person is most likely conveying. Each story will be followed by 4 possible meaning interpretations listed from a to d. Read each story and choose the number corresponding to the most likely meaning. You can only answer with a, b, c, or d.
Context: I met an enormous dog.
Target utterance: I said: """"He could swallow me whole.""""
What meaning is I most likely conveying?
a. I swallowed a pill.
b. I thought the dog was huge.
c. The dog wore a collar.
d. I thought the dog was small.
Answer:
",b. I thought the dog was huge.,"['c', 'a', 'd', 'b']",1,UA_NI,"{'a': 15.125, 'b': 23.375, 'c': 9.9375, 'd': 8.1875}","{'a': 0.00026118988171219826, 'b': 0.9997370839118958, 'c': 1.4589946886189864e-06, 'd': 2.535352621180209e-07}",0.9997370839118958,b,,a
C1_69_A_I,C1_69,88,1,ambiguous,ironic,d,The pool was super warm.,Llama-3-8B,Condition1B_context_richness_stimuli,general,"You will read short stories that describe everyday situations and which finish with a person saying something. Your task is to decide, given the situation, what meaning the person is most likely conveying. Each story will be followed by 4 possible meaning interpretations listed from a to d. Read each story and choose the number corresponding to the most likely meaning. You can only answer with a, b, c, or d.
Context: She jumped into a warm pool.
Target utterance: She said:  """"One could catch a cold in here.""""
What meaning is She most likely conveying?
a. She liked to chill on that sofa after work.
b. The pool was super cold.
c. She played a game of pool in the bar.
d. The pool was super warm.
Answer:
",d. The pool was super warm.,"['c', 'a', 'd', 'b']",1,A_I,"{'a': 12.5, 'b': 11.375, 'c': 8.9375, 'd': 22.625}","{'a': 4.006312519777566e-05, 'b': 1.3006591871089768e-05, 'c': 1.1365033287802362e-06, 'd': 0.9999457597732544}",0.9999457597732544,d,,b
C1_70_A_NI,C1_70,160,1,ambiguous,non-ironic,b,The weather conditions were perfect.,Llama-3-8B,Condition1B_context_richness_stimuli,general,"You will read short stories that describe everyday situations and which finish with a person saying something. Your task is to decide, given the situation, what meaning the person is most likely conveying. Each story will be followed by 4 possible meaning interpretations listed from a to d. Read each story and choose the number corresponding to the most likely meaning. You can only answer with a, b, c, or d.
Context: He went to the beach, and the weather was warm.
Target utterance: He said: """"Couldn't have asked for better weather.""""
What meaning is he most likely conveying?
a. The weather conditions were awful.
b. The weather conditions were perfect.
c. He meant to harvest the houseplants, but forgot about it.
d. The delivery driver arrived in heavy rain.
Answer:
",b.,"['b', 'a', 'd', 'c']",1,A_NI,"{'a': 11.375, 'b': 20.125, 'c': 7.5, 'd': 5.78125}","{'a': 0.00015843559231143445, 'b': 0.9998376369476318, 'c': 3.2882260256883455e-06, 'd': 5.895464028071729e-07}",0.9998376369476318,b,,a
C1_71_UA_I,C1_71,154,1,unambiguous,ironic,d,The room was really warm.,Llama-3-8B,Condition1B_context_richness_stimuli,general,"You will read short stories that describe everyday situations and which finish with a person saying something. Your task is to decide, given the situation, what meaning the person is most likely conveying. Each story will be followed by 4 possible meaning interpretations listed from a to d. Read each story and choose the number corresponding to the most likely meaning. You can only answer with a, b, c, or d.
Context: I walked into a hot room. 
Target utterance: I said:  """"Feels like the North Pole in here.""""
What meaning is I most likely conveying?
a. I leaned the fishing pole against the wall.
b. There wasn't enough room in the car for everyone.
c. The room was freezing cold.
d. The room was really warm.
Answer:
",c. The room was freezing cold.,"['c', 'd', 'a', 'b']",1,UA_I,"{'a': 14.375, 'b': 13.375, 'c': 24.875, 'd': 11.625}","{'a': 2.7535363187780604e-05, 'b': 1.0129694601346273e-05, 'c': 0.9999605417251587, 'd': 1.7602768593860674e-06}",0.9999605417251587,c,,a
C1_72_UA_NI,C1_72,5,1,unambiguous,non-ironic,d,Her coffee was delicious.,Llama-3-8B,Condition1B_context_richness_stimuli,general,"You will read short stories that describe everyday situations and which finish with a person saying something. Your task is to decide, given the situation, what meaning the person is most likely conveying. Each story will be followed by 4 possible meaning interpretations listed from a to d. Read each story and choose the number corresponding to the most likely meaning. You can only answer with a, b, c, or d.
Context: She took a sip of the hot coffee.
Target utterance: She said: """"This is what freshly made coffee tastes like.""""
What meaning is she most likely conveying?
a. She did an experiment in health science.
b. Her coffee tasted like fresh mint.
c. Her coffee did not taste good.
d. Her coffee was delicious.
Answer:
",d. Her coffee was delicious.,"['d', 'c', 'b', 'a']",1,UA_NI,"{'a': 10.5625, 'b': 9.5625, 'c': 8.1875, 'd': 21.625}","{'a': 1.568943844176829e-05, 'b': 5.77182117922348e-06, 'c': 1.4593449577660067e-06, 'd': 0.9999771118164062}",0.9999771118164062,d,,a
